id,age_first_funding_year,age_last_funding_year,age_first_milestone_year,age_last_milestone_year,relationships,funding_rounds,funding_total_usd,milestones,is_CA,is_NY,is_MA,is_TX,is_otherstate,category_code,is_software,is_web,is_mobile,is_enterprise,is_advertising,is_gamesvideo,is_ecommerce,is_biotech,is_consulting,is_othercategory,has_VC,has_angel,has_roundA,has_roundB,has_roundC,has_roundD,avg_participants,labels
719,10.42,13.09,8.98,12.72,4,3,4087500,3,1,0,0,0,0,enterprise,0,0,0,1,0,0,0,0,0,0,1,1,0,0,0,0,1.0,0
429,3.79,3.79,,,21,1,45000000,0,0,1,0,0,0,advertising,0,0,0,0,1,0,0,0,0,0,0,0,0,1,0,0,1.0,1
178,0.71,2.28,1.95,2.28,5,2,5200000,2,1,0,0,0,0,photo_video,0,0,0,0,0,0,0,0,0,1,1,0,1,0,0,0,1.0,0
197,3.0,5.0,9.62,10.39,16,2,14500000,2,0,0,1,0,0,advertising,0,0,0,0,1,0,0,0,0,0,0,1,0,1,0,0,2.0,1
444,0.66,5.88,6.21,8.61,29,5,70000000,4,1,0,0,0,0,web,0,1,0,0,0,0,0,0,0,0,0,0,1,1,1,1,2.8,1
67,1.09,1.09,,,5,1,20500000,0,0,0,0,0,1,software,1,0,0,0,0,0,0,0,0,0,1,0,0,0,0,0,4.0,0
505,0.65,0.65,,,3,1,900000,0,1,0,0,0,0,software,1,0,0,0,0,0,0,0,0,0,0,0,1,0,0,0,1.0,0
410,0.34,5.22,3.0,6.03,5,4,48730000,3,0,0,1,0,0,software,1,0,0,0,0,0,0,0,0,0,1,0,1,1,1,0,3.0,1
284,0.0,0.0,0.74,0.74,2,1,50000,1,1,0,0,0,0,games_video,0,0,0,0,0,1,0,0,0,0,0,1,0,0,0,0,2.0,0
252,0.08,4.33,3.66,5.61,12,7,88651133,5,0,1,0,0,0,mobile,0,0,1,0,0,0,0,0,0,0,1,1,1,1,1,1,3.1667,1
324,0.75,3.07,3.92,4.5,16,3,2000000,2,1,0,0,0,0,sports,0,0,0,0,0,0,0,0,0,1,0,1,0,0,0,0,3.6667,1
105,,1.25,2.17,4.6,21,2,6000000,2,1,0,0,0,0,web,0,1,0,0,0,0,0,0,0,0,0,1,1,0,0,0,4.0,1
673,1.28,2.01,2.16,3.44,12,2,5700000,3,1,0,0,0,0,enterprise,0,0,0,1,0,0,0,0,0,0,0,0,1,1,0,0,4.0,1
749,0.0,0.0,0.33,0.33,2,1,1500000,1,0,1,0,0,0,fashion,0,0,0,0,0,0,0,0,0,1,0,0,0,0,0,0,6.0,0
211,2.24,4.03,,,3,2,16100000,0,0,0,1,0,0,software,1,0,0,0,0,0,0,0,0,0,0,0,0,1,1,0,2.5,1
841,0.0,0.0,,,21,1,5675000,2,1,0,0,0,0,web,0,1,0,0,0,0,0,0,0,0,1,0,0,0,0,0,4.0,1
48,0.25,0.25,1.12,1.66,9,1,3000000,2,0,0,1,0,0,software,1,0,0,0,0,0,0,0,0,0,0,0,1,0,0,0,1.0,1
381,0.22,2.05,0.04,3.92,8,4,3499997,3,0,1,0,0,0,advertising,0,0,0,0,1,0,0,0,0,0,1,0,1,0,0,0,1.5,1
315,0.75,7.82,4.32,5.9,16,7,26390819,3,0,0,0,0,1,web,0,1,0,0,0,0,0,0,0,0,1,0,1,1,0,0,1.3333,0
831,,1.23,0.32,1.3,4,2,1400000,2,1,0,0,0,0,enterprise,0,0,0,1,0,0,0,0,0,0,0,1,0,0,0,0,3.0,1
130,2.42,5.44,2.0,2.0,2,3,26100000,1,1,0,0,0,0,semiconductor,0,0,0,0,0,0,0,0,0,1,1,0,0,1,0,0,3.5,1
452,3.6,7.93,8.59,9.11,1,3,21460663,2,0,0,0,0,1,software,1,0,0,0,0,0,0,0,0,0,0,0,0,1,1,1,4.5,1
580,2.21,4.65,,,1,2,20000000,1,0,0,0,1,0,security,0,0,0,0,0,0,0,0,0,1,1,0,0,0,1,0,2.0,1
599,1.46,6.39,6.42,6.42,4,3,58000000,1,1,0,0,0,0,biotech,0,0,0,0,0,0,0,1,0,0,0,0,1,1,1,0,5.0,1
194,1.16,3.04,3.27,5.54,7,2,57000000,2,1,0,0,0,0,web,0,1,0,0,0,0,0,0,0,0,0,0,1,1,0,0,3.5,1
754,1.59,1.59,1.19,2.55,6,1,3000000,2,1,0,0,0,0,software,1,0,0,0,0,0,0,0,0,0,0,0,1,0,0,0,2.0,1
485,1.59,3.18,,,1,3,24150000,0,0,0,0,0,1,semiconductor,0,0,0,0,0,0,0,0,0,1,1,0,1,1,0,0,2.0,1
487,1.42,3.33,4.42,9.82,11,2,36000000,3,1,0,0,0,0,hardware,0,0,0,0,0,0,0,0,0,1,0,0,1,1,0,0,3.5,1
299,4.3,4.3,,,0,1,2600000,0,0,0,0,0,1,public_relations,0,0,0,0,0,0,0,0,0,1,0,0,1,0,0,0,1.0,0
223,1.25,1.25,2.59,2.59,6,1,1500000,1,1,0,0,0,0,ecommerce,0,0,0,0,0,0,1,0,0,0,0,0,0,0,0,0,1.0,0
220,4.04,4.04,6.0,6.0,10,1,20000000,1,0,1,0,0,0,advertising,0,0,0,0,1,0,0,0,0,0,0,0,1,0,0,0,1.0,1
764,,0.63,0.59,3.01,8,2,2535000,2,1,0,0,0,0,web,0,1,0,0,0,0,0,0,0,0,0,1,1,0,0,0,5.0,1
807,0.16,1.5,3.16,5.55,6,2,3500000,2,1,0,0,0,0,software,1,0,0,0,0,0,0,0,0,0,0,1,1,0,0,0,1.0,1
798,0.86,2.93,3.0,3.0,4,3,19000000,1,1,0,0,0,0,enterprise,0,0,0,1,0,0,0,0,0,0,0,0,1,1,0,0,2.0,1
869,5.2,8.12,8.01,8.01,2,2,10000000,1,0,0,1,0,0,public_relations,0,0,0,0,0,0,0,0,0,1,1,0,0,0,1,0,2.5,0
295,1.24,4.97,1.0,1.0,1,5,13130000,1,0,0,1,0,0,web,0,1,0,0,0,0,0,0,0,0,1,0,1,0,0,0,2.0,0
264,,,,,3,1,8500000,0,0,0,0,0,1,other,0,0,0,0,0,0,0,0,0,1,1,0,0,0,0,0,1.0,0
321,0.04,2.13,1.76,4.87,9,3,5600000,4,0,1,0,0,0,web,0,1,0,0,0,0,0,0,0,0,0,0,1,1,0,0,2.0,1
697,1.25,1.88,2.25,3.22,4,2,1020000,2,1,0,0,0,0,social,0,0,0,0,0,0,0,0,0,1,0,1,1,0,0,0,2.5,1
450,4.37,9.36,4.0,9.36,5,3,24510540,2,1,0,0,0,0,enterprise,0,0,0,1,0,0,0,0,0,0,1,0,1,1,0,0,2.6667,1
50,3.21,3.21,5.25,7.88,11,1,10000000,2,1,0,0,0,0,software,1,0,0,0,0,0,0,0,0,0,0,0,0,0,0,1,2.0,1
478,0.04,1.59,2.28,4.39,4,2,10000000,2,0,0,0,0,1,web,0,1,0,0,0,0,0,0,0,0,0,0,1,0,0,0,2.0,1
731,5.64,5.64,4.25,4.25,3,1,10500000,1,0,0,1,0,0,security,0,0,0,0,0,0,0,0,0,1,0,0,0,0,0,1,4.0,1
795,0.67,2.08,3.03,4.29,23,3,10000000,3,1,0,0,0,0,advertising,0,0,0,0,1,0,0,0,0,0,0,1,1,1,0,0,2.6667,1
566,1.8,1.8,1.92,1.92,8,1,1100000,1,0,1,0,0,0,web,0,1,0,0,0,0,0,0,0,0,0,1,0,0,0,0,8.0,1
466,7.51,9.95,0.42,0.42,3,5,51450000,1,1,0,0,0,0,games_video,0,0,0,0,0,1,0,0,0,0,1,0,0,0,0,1,5.6667,1
896,2.12,6.02,2.0,6.51,5,3,21900000,2,0,0,1,0,0,software,1,0,0,0,0,0,0,0,0,0,1,0,1,1,0,0,1.6667,1
312,1.16,7.5,,,5,4,19000000,0,1,0,0,0,0,games_video,0,0,0,0,0,1,0,0,0,0,0,0,1,1,1,0,2.0,1
786,,,0.05,0.05,1,1,150000,1,0,1,0,0,0,games_video,0,0,0,0,0,1,0,0,0,0,0,1,0,0,0,0,1.0,0
49,0.19,1.19,1.36,1.66,6,2,1155000,2,1,0,0,0,0,software,1,0,0,0,0,0,0,0,0,0,0,1,0,0,0,0,9.5,1
706,0.82,0.82,,,0,1,2000000,0,1,0,0,0,0,advertising,0,0,0,0,1,0,0,0,0,0,0,0,0,0,0,0,1.0,0
909,1.0,6.45,6.53,7.01,28,4,108900000,2,1,0,0,0,0,cleantech,0,0,0,0,0,0,0,0,0,1,0,0,1,1,1,0,7.5,1
874,1.97,3.19,2.25,2.25,5,2,12800000,1,1,0,0,0,0,mobile,0,0,1,0,0,0,0,0,0,0,0,0,1,1,0,0,2.5,1
378,2.48,4.82,5.59,11.95,21,2,61500000,3,1,0,0,0,0,hardware,0,0,0,0,0,0,0,0,0,1,0,0,0,1,0,1,4.0,1
496,0.07,4.39,,,15,4,69900000,0,0,0,0,0,1,biotech,0,0,0,0,0,0,0,1,0,0,0,1,1,0,1,1,4.75,1
189,4.65,8.13,6.01,6.01,4,4,7210210,1,1,0,0,0,0,enterprise,0,0,0,1,0,0,0,0,0,0,1,0,1,1,0,0,1.0,1
490,,,0.83,0.83,1,1,2000000,1,1,0,0,0,0,web,0,1,0,0,0,0,0,0,0,0,0,0,0,0,0,0,1.0,0
20,2.5,2.83,3.09,3.49,13,2,28000000,3,1,0,0,0,0,enterprise,0,0,0,1,0,0,0,0,0,0,0,0,1,1,0,0,1.0,0
684,2.92,4.92,2.0,12.51,6,2,16000000,5,0,0,1,0,0,web,0,1,0,0,0,0,0,0,0,0,0,0,1,1,0,0,1.0,1
495,0.0,2.43,2.43,2.5,8,2,9030000,2,0,1,0,0,0,web,0,1,0,0,0,0,0,0,0,0,0,1,1,0,0,0,4.0,0
700,1.16,4.16,3.0,8.92,19,4,33000000,4,1,0,0,0,0,mobile,0,0,1,0,0,0,0,0,0,0,0,0,1,1,1,1,1.3333,1
86,5.44,5.44,,,1,1,1000000,0,0,0,0,0,1,software,1,0,0,0,0,0,0,0,0,0,0,0,1,0,0,0,3.0,0
399,5.08,5.08,4.76,6.05,7,1,5000000,2,1,0,0,0,0,enterprise,0,0,0,1,0,0,0,0,0,0,0,0,1,0,0,0,1.0,1
557,0.0,2.75,3.33,5.24,9,2,20000000,2,0,0,1,0,0,enterprise,0,0,0,1,0,0,0,0,0,0,0,0,1,1,0,0,1.0,1
232,0.42,1.47,3.13,4.14,12,2,7500000,3,1,0,0,0,0,enterprise,0,0,0,1,0,0,0,0,0,0,0,0,1,0,0,0,3.5,1
218,1.14,3.74,2.46,3.22,14,3,14229998,3,1,0,0,0,0,web,0,1,0,0,0,0,0,0,0,0,0,0,1,1,0,0,3.0,1
307,4.37,4.37,,,0,1,662000,0,0,0,0,0,1,manufacturing,0,0,0,0,0,0,0,0,0,1,0,0,1,0,0,0,3.0,0
672,0.92,2.49,2.58,5.38,18,3,22400000,3,0,0,0,0,1,mobile,0,0,1,0,0,0,0,0,0,0,1,0,1,1,0,0,3.3333,1
202,0.0,0.0,,,1,1,45000000,0,0,0,0,0,1,web,0,1,0,0,0,0,0,0,0,0,0,0,0,0,0,0,2.0,0
296,2.82,2.82,0.0,2.82,1,1,20000000,2,0,0,0,0,1,software,1,0,0,0,0,0,0,0,0,0,0,0,1,0,0,0,1.0,0
351,0.33,0.33,,,3,1,20000,1,0,0,0,0,1,web,0,1,0,0,0,0,0,0,0,0,0,1,0,0,0,0,1.0,0
41,0.0,4.8,3.72,7.62,26,4,33000000,5,0,0,0,0,1,enterprise,0,0,0,1,0,0,0,0,0,0,0,0,1,1,1,0,3.0,1
825,11.15,11.15,,,0,1,18000000,0,0,0,0,0,1,semiconductor,0,0,0,0,0,0,0,0,0,1,0,0,0,1,0,0,7.0,0
436,4.03,4.08,,,3,2,2257464,0,0,0,0,0,1,biotech,0,0,0,0,0,0,0,1,0,0,1,0,0,0,0,0,1.0,0
120,1.75,1.75,1.0,2.11,4,1,575000,2,0,1,0,0,0,web,0,1,0,0,0,0,0,0,0,0,0,1,0,0,0,0,6.0,1
96,3.72,3.72,,,1,1,4000000,0,1,0,0,0,0,public_relations,0,0,0,0,0,0,0,0,0,1,0,0,0,1,0,0,3.0,0
380,,5.01,4.95,7.37,23,4,19100000,6,0,0,1,0,0,mobile,0,0,1,0,0,0,0,0,0,0,0,0,1,1,1,0,2.5,1
556,1.78,2.39,2.31,4.63,37,2,76000000,3,1,0,0,0,0,games_video,0,0,0,0,0,1,0,0,0,0,0,0,1,0,0,0,4.0,1
136,5.16,6.01,,,1,3,25131611,0,0,0,0,0,1,mobile,0,0,1,0,0,0,0,0,0,0,1,0,0,1,0,0,1.0,1
227,4.24,4.24,,,1,1,50000000,0,1,0,0,0,0,biotech,0,0,0,0,0,0,0,1,0,0,0,0,0,0,0,1,6.0,1
266,1.34,1.34,1.35,1.35,3,1,2000000,1,1,0,0,0,0,software,1,0,0,0,0,0,0,0,0,0,0,0,1,0,0,0,2.0,1
39,0.17,2.65,0.61,4.75,10,3,1822922,3,1,0,0,0,0,ecommerce,0,0,0,0,0,0,1,0,0,0,0,1,1,0,0,0,2.3333,1
602,3.65,3.65,,,2,1,21000000,0,1,0,0,0,0,software,1,0,0,0,0,0,0,0,0,0,0,0,0,0,1,0,4.0,0
756,6.55,8.6,5.0,5.0,4,3,26200000,1,1,0,0,0,0,semiconductor,0,0,0,0,0,0,0,0,0,1,1,0,0,0,1,0,2.5,1
890,0.0,3.45,2.02,3.98,9,4,36000000,3,1,0,0,0,0,software,1,0,0,0,0,0,0,0,0,0,0,0,1,1,1,1,3.0,1
782,3.92,9.3,10.75,10.75,10,2,24500000,1,1,0,0,0,0,hardware,0,0,0,0,0,0,0,0,0,1,1,0,1,0,0,0,2.0,1
111,0.79,2.9,3.05,6.52,11,2,2750000,3,1,0,0,0,0,web,0,1,0,0,0,0,0,0,0,0,0,1,1,0,0,0,4.0,1
267,1.11,1.94,0.0,1.11,3,2,4100000,2,0,0,0,1,0,enterprise,0,0,0,1,0,0,0,0,0,0,0,0,1,0,0,0,1.5,1
884,1.48,2.25,2.25,2.25,6,2,4000000,1,1,0,0,0,0,web,0,1,0,0,0,0,0,0,0,0,1,0,0,0,0,0,1.0,1
918,5.63,8.76,8.5,8.76,9,5,122500000,2,0,0,0,0,1,mobile,0,0,1,0,0,0,0,0,0,0,1,0,0,0,1,1,5.6,1
806,1.0,2.71,,,1,2,12000000,0,0,1,0,0,0,games_video,0,0,0,0,0,1,0,0,0,0,0,0,1,1,0,0,1.0,0
131,7.53,7.53,10.73,10.73,2,1,30000000,1,0,1,0,0,0,web,0,1,0,0,0,0,0,0,0,0,1,0,0,0,0,0,5.0,1
905,4.28,4.28,,,4,1,9000000,0,0,0,0,1,0,other,0,0,0,0,0,0,0,0,0,1,0,0,0,0,0,1,2.0,0
150,4.16,4.16,5.58,11.39,5,2,24700000,5,1,0,0,0,0,web,0,1,0,0,0,0,0,0,0,0,0,0,1,1,0,0,4.0,1
376,0.36,0.36,0.38,0.54,9,1,100000,3,1,0,0,0,0,ecommerce,0,0,0,0,0,0,1,0,0,0,0,1,0,0,0,0,1.0,0
898,0.0,5.3,5.0,5.0,17,4,34700000,1,1,0,0,0,0,software,1,0,0,0,0,0,0,0,0,0,1,0,1,1,0,0,2.25,1
765,5.47,8.95,8.84,8.95,4,3,19000000,2,0,0,0,1,0,enterprise,0,0,0,1,0,0,0,0,0,0,1,0,0,1,1,0,5.3333,1
344,3.06,5.01,,,2,4,89400001,0,1,0,0,0,0,biotech,0,0,0,0,0,0,0,1,0,0,1,0,1,1,0,0,4.3333,1
448,6.44,9.0,10.01,10.01,10,3,32000000,1,1,0,0,0,0,semiconductor,0,0,0,0,0,0,0,0,0,1,0,0,0,0,0,1,3.0,1
710,6.33,7.53,7.17,10.93,8,3,17400000,3,1,0,0,0,0,web,0,1,0,0,0,0,0,0,0,0,0,0,1,1,0,0,2.3333,1
799,3.47,3.47,2.0,2.0,3,1,30000000,1,1,0,0,0,0,semiconductor,0,0,0,0,0,0,0,0,0,1,0,0,0,1,0,0,4.0,1
332,5.57,8.53,5.61,7.84,3,3,36300000,2,1,0,0,0,0,automotive,0,0,0,0,0,0,0,0,0,1,1,0,0,0,1,0,1.5,0
271,4.32,5.83,,,1,2,16000000,0,0,0,1,0,0,software,1,0,0,0,0,0,0,0,0,0,0,0,1,1,0,0,3.0,0
38,1.06,5.7,,,0,3,44000000,0,1,0,0,0,0,hardware,0,0,0,0,0,0,0,0,0,1,0,0,0,1,1,0,4.5,0
843,0.0,0.0,,,2,1,125000,0,0,0,0,0,1,enterprise,0,0,0,1,0,0,0,0,0,0,0,1,0,0,0,0,1.0,0
234,1.44,6.68,2.0,2.0,7,4,5965000,1,1,0,0,0,0,software,1,0,0,0,0,0,0,0,0,0,1,0,1,0,0,0,1.0,1
314,0.5,3.1,2.24,3.76,10,3,7300000,3,1,0,0,0,0,advertising,0,0,0,0,1,0,0,0,0,0,0,1,1,1,0,0,2.0,1
34,0.0,0.87,0.41,2.17,3,2,2304999,2,1,0,0,0,0,mobile,0,0,1,0,0,0,0,0,0,0,1,0,0,0,0,0,5.0,1
388,7.69,14.03,12.5,14.03,3,3,24150000,2,0,0,1,0,0,software,1,0,0,0,0,0,0,0,0,0,1,0,1,1,0,0,2.3333,0
400,0.0,2.54,3.77,5.92,9,3,2515000,3,1,0,0,0,0,network_hosting,0,0,0,0,0,0,0,0,0,1,1,1,1,0,0,0,1.6667,1
866,0.79,4.32,3.98,3.98,5,3,25500000,1,1,0,0,0,0,cleantech,0,0,0,0,0,0,0,0,0,1,0,0,1,1,0,0,2.6667,1
364,3.34,3.94,,4.72,5,3,1820000,4,1,0,0,0,0,mobile,0,0,1,0,0,0,0,0,0,0,0,1,0,0,0,0,1.0,1
230,1.68,5.85,8.42,8.42,4,3,27690547,1,1,0,0,0,0,cleantech,0,0,0,0,0,0,0,0,0,1,0,0,0,1,1,1,4.5,1
306,4.76,6.22,3.67,6.22,2,2,17000000,2,1,0,0,0,0,mobile,0,0,1,0,0,0,0,0,0,0,0,0,1,1,0,0,3.5,1
856,1.93,1.93,1.67,2.47,1,1,12000000,2,1,0,0,0,0,software,1,0,0,0,0,0,0,0,0,0,1,0,0,0,0,0,2.0,1
303,0.83,7.25,8.01,8.4,23,7,27300000,4,0,1,0,0,0,games_video,0,0,0,0,0,1,0,0,0,0,0,1,1,1,1,1,2.0,1
627,2.16,4.96,,,2,2,4000000,0,0,0,0,0,1,messaging,0,0,0,0,0,0,0,0,0,1,0,0,1,0,0,0,2.0,0
80,,1.34,0.0,1.55,4,7,457282,2,0,0,1,0,0,mobile,0,0,1,0,0,0,0,0,0,0,1,1,0,0,0,0,1.0,0
616,2.0,2.0,3.66,4.08,12,1,11000000,2,1,0,0,0,0,enterprise,0,0,0,1,0,0,0,0,0,0,0,0,0,1,0,0,3.0,1
515,3.09,3.09,5.0,5.0,6,1,3100000,1,1,0,0,0,0,advertising,0,0,0,0,1,0,0,0,0,0,0,0,1,0,0,0,5.0,1
642,0.42,0.42,,,5,3,5900000,0,0,0,0,0,1,software,1,0,0,0,0,0,0,0,0,0,0,1,0,0,0,0,1.0,0
658,2.1,2.1,2.28,3.17,6,1,4100000,3,1,0,0,0,0,advertising,0,0,0,0,1,0,0,0,0,0,0,0,1,0,0,0,2.0,1
15,4.67,9.0,8.84,8.84,12,5,10700000,1,0,0,0,0,1,software,1,0,0,0,0,0,0,0,0,0,0,0,1,1,0,0,2.5,1
532,0.02,0.02,0.0,0.0,1,1,30000,1,0,0,0,0,1,advertising,0,0,0,0,1,0,0,0,0,0,0,1,0,0,0,0,2.0,0
746,1.76,2.33,0.88,3.03,12,2,3529175,3,1,0,0,0,0,web,0,1,0,0,0,0,0,0,0,0,1,0,1,0,0,0,1.0,0
411,0.0,1.41,1.41,1.41,1,2,3350000,1,1,0,0,0,0,messaging,0,0,0,0,0,0,0,0,0,1,0,1,1,0,0,0,2.5,0
524,2.22,7.33,7.01,7.01,4,3,11000000,1,1,0,0,0,0,software,1,0,0,0,0,0,0,0,0,0,1,1,0,1,0,0,1.6667,1
237,1.09,1.09,5.1,7.39,15,1,11500000,2,1,0,0,0,0,advertising,0,0,0,0,1,0,0,0,0,0,0,0,1,0,0,0,2.0,1
101,20.81,20.81,,,2,1,32000000,0,0,0,0,0,1,software,1,0,0,0,0,0,0,0,0,0,0,0,0,1,0,0,7.0,0
21,2.21,3.79,4.09,9.5,8,2,4355000,3,0,0,0,1,0,software,1,0,0,0,0,0,0,0,0,0,0,1,1,0,0,0,1.5,1
873,6.94,9.16,6.01,6.01,6,3,13000000,1,1,0,0,0,0,mobile,0,0,1,0,0,0,0,0,0,0,0,0,0,0,0,1,3.0,1
387,1.33,2.06,3.25,3.78,11,2,13000000,2,1,0,0,0,0,mobile,0,0,1,0,0,0,0,0,0,0,0,0,1,1,0,0,3.0,1
718,2.44,2.44,2.33,2.44,10,1,17000000,2,0,0,0,0,1,enterprise,0,0,0,1,0,0,0,0,0,0,1,0,0,0,0,0,5.0,1
329,0.84,5.75,4.98,7.03,13,5,24750000,3,1,0,0,0,0,music,0,0,0,0,0,0,0,0,0,1,1,1,1,1,0,0,2.4,1
83,3.51,3.96,3.95,4.84,5,2,510000000,3,0,0,0,0,1,cleantech,0,0,0,0,0,0,0,0,0,1,1,0,0,0,0,0,2.5,0
242,1.21,3.01,,,4,2,7000000,0,1,0,0,0,0,software,1,0,0,0,0,0,0,0,0,0,0,0,1,0,0,0,2.0,0
291,2.25,5.04,,,2,2,9500000,0,1,0,0,0,0,hardware,0,0,0,0,0,0,0,0,0,1,1,0,0,1,0,0,3.0,0
317,0.08,0.08,0.0,0.0,1,1,31000,1,0,1,0,0,0,web,0,1,0,0,0,0,0,0,0,0,0,1,0,0,0,0,2.0,0
622,5.64,5.64,8.01,11.33,9,1,12700000,2,0,0,1,0,0,public_relations,0,0,0,0,0,0,0,0,0,1,0,0,0,0,0,1,4.0,1
482,0.08,5.04,1.83,1.83,10,3,19743770,1,1,0,0,0,0,software,1,0,0,0,0,0,0,0,0,0,0,0,0,1,1,0,2.5,1
797,1.75,9.96,9.34,10.46,35,7,33672656,3,0,0,0,0,1,web,0,1,0,0,0,0,0,0,0,0,1,0,1,1,0,0,2.0,1
769,0.4,3.76,3.0,3.0,15,4,122000000,1,1,0,0,0,0,biotech,0,0,0,0,0,0,0,1,0,0,0,0,1,1,1,1,2.5,1
474,0.58,2.51,0.59,4.97,9,3,1415000,4,1,0,0,0,0,social,0,0,0,0,0,0,0,0,0,1,1,1,0,0,0,0,1.0,1
37,0.62,1.59,1.0,4.33,8,2,14600000,3,1,0,0,0,0,software,1,0,0,0,0,0,0,0,0,0,0,0,1,1,0,0,2.0,0
571,2.45,5.16,7.67,8.22,7,3,28000000,2,0,0,1,0,0,software,1,0,0,0,0,0,0,0,0,0,0,0,1,1,1,0,2.6667,1
184,2.93,4.63,,,13,2,15200000,0,1,0,0,0,0,software,1,0,0,0,0,0,0,0,0,0,0,0,1,1,0,0,2.0,1
231,2.19,2.19,,,32,1,9000000,0,0,0,0,1,0,semiconductor,0,0,0,0,0,0,0,0,0,1,0,0,0,1,0,0,4.0,0
233,0.69,1.5,3.42,3.42,9,2,10000000,1,0,0,0,1,0,software,1,0,0,0,0,0,0,0,0,0,0,0,1,0,0,0,2.0,1
773,4.13,6.15,5.57,6.11,10,2,2192000,3,0,0,0,0,1,public_relations,0,0,0,0,0,0,0,0,0,1,1,0,0,1,0,0,3.0,0
592,2.18,3.31,2.73,3.54,6,2,2000000,2,1,0,0,0,0,web,0,1,0,0,0,0,0,0,0,0,1,0,1,0,0,0,1.5,1
699,0.17,3.92,0.0,2.92,8,2,14700000,2,0,1,0,0,0,software,1,0,0,0,0,0,0,0,0,0,0,1,1,0,0,0,4.0,1
575,4.47,4.47,6.75,6.75,6,1,13000000,1,0,0,0,0,1,software,1,0,0,0,0,0,0,0,0,0,0,0,0,0,0,1,4.0,1
509,1.86,4.6,3.92,6.43,15,4,14800000,3,1,0,0,0,0,mobile,0,0,1,0,0,0,0,0,0,0,1,0,0,1,1,0,2.25,1
819,2.93,5.53,3.92,6.2,6,2,9600000,2,0,0,0,0,1,enterprise,0,0,0,1,0,0,0,0,0,0,0,0,1,0,0,0,3.0,1
133,0.6,4.22,,4.48,9,3,9500000,2,1,0,0,0,0,software,1,0,0,0,0,0,0,0,0,0,0,0,1,1,1,0,2.0,1
43,0.1,2.39,2.33,2.79,7,2,4000000,2,1,0,0,0,0,travel,0,0,0,0,0,0,0,0,0,1,1,0,1,0,0,0,1.0,0
486,1.75,3.55,2.0,2.0,4,2,80000000,1,1,0,0,0,0,mobile,0,0,1,0,0,0,0,0,0,0,0,0,1,1,0,0,1.0,0
883,0.11,4.73,,,0,4,19550000,0,0,0,0,1,0,consulting,0,0,0,0,0,0,0,0,1,0,1,0,1,0,0,0,1.0,0
702,0.24,3.76,2.42,3.88,10,4,33000000,3,0,0,0,1,0,software,1,0,0,0,0,0,0,0,0,0,0,0,1,1,1,0,4.0,0
631,0.77,0.77,0.0,0.0,1,1,50000,1,1,0,0,0,0,messaging,0,0,0,0,0,0,0,0,0,1,0,1,0,0,0,0,1.0,0
845,0.25,0.64,1.27,1.75,6,2,532000,2,0,0,0,0,1,enterprise,0,0,0,1,0,0,0,0,0,0,0,1,0,0,0,0,5.0,1
84,3.93,4.68,4.0,4.0,3,2,18250000,1,1,0,0,0,0,search,0,0,0,0,0,0,0,0,0,1,0,0,1,1,0,0,2.5,1
820,0.25,7.42,3.92,10.92,9,5,58200000,3,0,0,0,0,1,mobile,0,0,1,0,0,0,0,0,0,0,0,0,1,1,1,1,1.4,1
158,1.67,3.67,3.67,3.67,12,2,4000000,3,0,0,1,0,0,web,0,1,0,0,0,0,0,0,0,0,0,1,1,0,0,0,3.0,1
318,1.75,2.73,1.75,6.15,16,3,21500000,4,1,0,0,0,0,mobile,0,0,1,0,0,0,0,0,0,0,0,0,1,1,0,0,3.3333,1
60,5.2,6.19,7.51,12.89,6,2,10000000,2,0,0,0,0,1,mobile,0,0,1,0,0,0,0,0,0,0,0,0,1,1,0,0,4.5,1
451,5.65,5.65,,,0,1,2500000,0,1,0,0,0,0,software,1,0,0,0,0,0,0,0,0,0,1,0,0,0,0,0,2.0,0
226,2.0,4.39,1.58,4.19,7,4,30000000,2,0,0,0,0,1,network_hosting,0,0,0,0,0,0,0,0,0,1,0,1,1,1,0,0,2.0,0
652,1.81,2.45,0.75,0.75,2,2,1175000,1,0,0,0,0,1,software,1,0,0,0,0,0,0,0,0,0,1,0,0,0,0,0,1.0,0
28,4.07,4.07,3.42,5.23,2,1,3800000,3,1,0,0,0,0,photo_video,0,0,0,0,0,0,0,0,0,1,0,0,0,1,0,0,2.0,1
441,0.3,0.3,1.59,1.67,3,1,400000,2,1,0,0,0,0,web,0,1,0,0,0,0,0,0,0,0,0,1,0,0,0,0,1.0,1
112,2.92,4.73,,,1,2,30000000,0,1,0,0,0,0,network_hosting,0,0,0,0,0,0,0,0,0,1,0,0,1,1,0,0,2.5,1
259,4.0,5.75,5.92,6.0,6,4,89500000,2,1,0,0,0,0,finance,0,0,0,0,0,0,0,0,0,1,0,0,0,1,1,0,1.0,0
550,3.76,3.76,,8.67,2,1,22000000,3,0,0,1,0,0,mobile,0,0,1,0,0,0,0,0,0,0,0,0,0,0,1,0,4.0,1
827,3.92,3.92,,,2,2,12000000,0,1,0,0,0,0,hardware,0,0,0,0,0,0,0,0,0,1,0,0,1,1,0,0,4.0,0
179,3.63,3.63,1.15,3.78,4,1,75000000,4,0,0,0,0,1,ecommerce,0,0,0,0,0,0,1,0,0,0,1,0,0,0,0,0,1.0,1
241,,0.62,,1.66,11,2,3700000,3,1,0,0,0,0,enterprise,0,0,0,1,0,0,0,0,0,0,1,0,0,0,0,0,3.0,0
30,1.19,1.19,2.19,7.78,5,1,1000000,3,1,0,0,0,0,hardware,0,0,0,0,0,0,0,0,0,1,1,0,0,0,0,0,2.0,1
3,1.03,1.03,1.46,2.21,5,1,2600000,2,1,0,0,0,0,web,0,1,0,0,0,0,0,0,0,0,0,0,1,0,0,0,4.0,1
834,0.0,2.72,1.0,5.95,4,4,3800000,4,0,0,0,1,0,messaging,0,0,0,0,0,0,0,0,0,1,0,1,1,0,0,0,4.75,1
651,3.92,6.73,,,3,3,44000000,0,0,0,0,0,1,medical,0,0,0,0,0,0,0,0,0,1,1,0,0,1,1,0,2.3333,0
360,0.97,3.84,2.0,2.0,18,4,42500000,1,1,0,0,0,0,mobile,0,0,1,0,0,0,0,0,0,0,1,0,1,1,1,0,2.5,1
25,0.25,0.34,,,5,2,455000,0,0,0,0,0,1,public_relations,0,0,0,0,0,0,0,0,0,1,0,1,1,0,0,0,4.5,0
534,3.16,5.67,9.01,9.01,9,2,23500000,1,1,0,0,0,0,software,1,0,0,0,0,0,0,0,0,0,1,0,0,1,0,0,5.0,1
698,0.43,0.43,2.0,2.0,6,1,13000000,1,0,0,0,1,0,software,1,0,0,0,0,0,0,0,0,0,0,0,1,0,0,0,4.0,0
681,4.75,8.96,5.0,5.0,10,3,15247925,1,0,0,1,0,0,semiconductor,0,0,0,0,0,0,0,0,0,1,0,0,0,0,1,1,1.5,1
726,0.83,2.08,1.0,1.0,4,2,55000000,1,0,0,1,0,0,biotech,0,0,0,0,0,0,0,1,0,0,0,0,1,1,0,0,2.0,1
688,2.64,2.64,4.1,4.93,6,1,10000000,2,0,1,0,0,0,hardware,0,0,0,0,0,0,0,0,0,1,1,0,0,0,0,0,6.0,1
563,0.19,0.78,1.21,2.38,13,4,2345000,3,0,0,1,0,0,enterprise,0,0,0,1,0,0,0,0,0,0,0,1,1,0,0,0,5.75,1
88,7.89,10.67,0.41,0.41,2,3,42700000,1,0,0,0,0,1,cleantech,0,0,0,0,0,0,0,0,0,1,1,0,0,1,0,0,3.6667,0
335,3.48,3.48,3.68,5.63,8,1,11370000,3,1,0,0,0,0,network_hosting,0,0,0,0,0,0,0,0,0,1,0,0,1,0,0,0,2.0,1
382,1.25,1.87,4.72,5.1,13,3,2600000,2,1,0,0,0,0,network_hosting,0,0,0,0,0,0,0,0,0,1,0,1,1,0,0,0,3.6667,1
560,2.08,4.66,4.58,4.73,9,2,13600000,2,0,0,0,0,1,software,1,0,0,0,0,0,0,0,0,0,0,0,0,1,1,0,3.0,1
93,2.57,2.57,2.48,4.67,7,1,500000,2,1,0,0,0,0,web,0,1,0,0,0,0,0,0,0,0,0,1,0,0,0,0,5.0,1
708,3.04,6.75,4.0,4.0,2,3,33000000,1,1,0,0,0,0,advertising,0,0,0,0,1,0,0,0,0,0,0,0,1,1,1,0,4.0,0
838,9.73,9.73,6.0,6.0,2,1,8000000,1,1,0,0,0,0,software,1,0,0,0,0,0,0,0,0,0,1,0,0,0,0,0,3.0,0
139,0.25,4.41,3.32,6.79,27,5,48500000,3,1,0,0,0,0,advertising,0,0,0,0,1,0,0,0,0,0,1,1,1,1,1,0,2.5,1
783,,0.9,1.06,1.06,4,2,72000,1,0,0,0,0,1,enterprise,0,0,0,1,0,0,0,0,0,0,0,1,0,0,0,0,1.0,0
155,2.31,9.42,4.5,11.42,12,7,98170000,3,1,0,0,0,0,mobile,0,0,1,0,0,0,0,0,0,0,1,0,0,1,1,1,5.2,0
272,2.48,4.38,3.39,4.99,10,3,5056559,2,0,0,0,0,1,mobile,0,0,1,0,0,0,0,0,0,0,1,0,1,0,0,0,1.6667,1
104,2.35,8.28,1.0,8.28,16,4,38064570,2,1,0,0,0,0,security,0,0,0,0,0,0,0,0,0,1,1,0,0,1,1,1,3.0,1
128,,1.49,0.41,1.32,3,2,125000,2,0,0,0,0,1,advertising,0,0,0,0,1,0,0,0,0,0,1,1,0,0,0,0,1.0,0
561,1.17,1.17,1.93,4.01,19,1,3000000,4,1,0,0,0,0,advertising,0,0,0,0,1,0,0,0,0,0,0,0,1,0,0,0,2.0,1
175,3.15,4.88,5.0,5.0,5,2,14000000,1,1,0,0,0,0,software,1,0,0,0,0,0,0,0,0,0,1,0,1,0,0,0,2.0,1
645,0.41,5.34,5.52,7.19,21,4,32006000,3,1,0,0,0,0,mobile,0,0,1,0,0,0,0,0,0,0,0,1,1,1,1,0,1.6667,1
595,1.6,2.81,3.43,7.41,14,2,11000000,3,1,0,0,0,0,mobile,0,0,1,0,0,0,0,0,0,0,0,0,1,1,0,0,2.0,1
548,1.85,2.17,2.17,5.08,4,2,1000000,3,1,0,0,0,0,analytics,0,0,0,0,0,0,0,0,0,1,0,1,0,0,0,0,4.5,1
729,2.5,7.25,,,4,6,232000100,0,1,0,0,0,0,biotech,0,0,0,0,0,0,0,1,0,0,0,0,1,0,1,1,3.6667,1
110,2.84,3.14,3.38,3.78,0,2,125000000,2,0,0,0,0,1,mobile,0,0,1,0,0,0,0,0,0,0,0,0,1,1,0,0,2.0,0
624,5.47,7.28,10.59,10.59,5,3,27000000,1,1,0,0,0,0,software,1,0,0,0,0,0,0,0,0,0,0,0,0,0,0,1,6.0,1
655,1.33,5.67,2.5,5.67,4,3,12000000,2,0,0,1,0,0,software,1,0,0,0,0,0,0,0,0,0,1,0,1,1,0,0,2.6667,1
480,2.98,5.21,,,4,2,13875001,0,0,0,0,0,1,cleantech,0,0,0,0,0,0,0,0,0,1,0,0,0,0,0,0,10.0,0
61,2.78,10.95,,,10,3,19009671,1,0,0,1,0,0,biotech,0,0,0,0,0,0,0,1,0,0,0,0,0,1,0,0,2.0,0
73,0.0,0.25,2.42,5.32,10,2,118000,3,0,0,0,0,1,web,0,1,0,0,0,0,0,0,0,0,0,1,0,0,0,0,1.5,1
519,,2.16,1.41,6.54,42,4,46800000,6,1,0,0,0,0,advertising,0,0,0,0,1,0,0,0,0,0,0,0,1,1,1,0,2.5,1
640,1.42,4.54,,,0,3,18700000,0,1,0,0,0,0,semiconductor,0,0,0,0,0,0,0,0,0,1,1,0,1,0,0,0,2.0,0
832,,6.12,5.0,5.0,5,4,11400000,1,0,1,0,0,0,enterprise,0,0,0,1,0,0,0,0,0,0,1,0,0,1,0,0,3.0,0
85,2.16,5.64,3.83,7.69,13,4,41500019,5,0,1,0,0,0,music,0,0,0,0,0,0,0,0,0,1,0,0,0,0,1,0,4.0,1
476,0.92,1.64,4.85,6.09,7,2,500000,2,0,0,1,0,0,web,0,1,0,0,0,0,0,0,0,0,0,1,1,0,0,0,2.0,1
404,4.49,4.49,,,2,1,11000000,0,0,1,0,0,0,public_relations,0,0,0,0,0,0,0,0,0,1,0,0,0,0,1,0,3.0,1
654,0.33,5.37,9.01,9.01,9,3,35150000,1,1,0,0,0,0,web,0,1,0,0,0,0,0,0,0,0,0,0,1,1,1,0,3.0,1
334,11.43,11.43,,,1,1,20000000,0,1,0,0,0,0,hardware,0,0,0,0,0,0,0,0,0,1,0,0,0,0,1,0,5.0,0
169,0.73,3.61,1.59,4.1,5,5,4705910,3,0,1,0,0,0,mobile,0,0,1,0,0,0,0,0,0,0,1,1,0,0,0,0,3.0,1
181,4.91,8.1,,,3,3,4476171,0,1,0,0,0,0,advertising,0,0,0,0,1,0,0,0,0,0,1,0,1,0,0,0,2.0,0
634,0.22,4.84,0.22,6.25,22,5,70000000,5,1,0,0,0,0,enterprise,0,0,0,1,0,0,0,0,0,0,1,0,1,1,1,0,4.2,0
828,1.28,1.28,0.0,0.0,1,1,15000,1,0,0,0,0,1,ecommerce,0,0,0,0,0,0,1,0,0,0,0,1,0,0,0,0,1.0,0
917,0.0,3.93,2.92,5.73,16,3,18000000,3,0,1,0,0,0,advertising,0,0,0,0,1,0,0,0,0,0,1,0,1,1,0,0,2.3333,1
174,2.06,6.23,,,7,3,28200000,0,0,0,0,0,1,medical,0,0,0,0,0,0,0,0,0,1,1,0,0,1,1,0,3.0,1
275,4.09,9.31,6.0,6.0,5,3,33000000,1,1,0,0,0,0,enterprise,0,0,0,1,0,0,0,0,0,0,1,0,0,1,0,1,3.6667,1
687,5.84,6.95,5.92,6.38,6,2,13000000,2,1,0,0,0,0,hardware,0,0,0,0,0,0,0,0,0,1,1,0,0,0,1,0,2.0,0
435,0.83,0.83,0.67,0.67,3,1,12000,1,0,0,0,0,1,games_video,0,0,0,0,0,1,0,0,0,0,0,1,0,0,0,0,1.0,0
923,3.12,3.12,4.0,4.0,4,1,20000000,1,1,0,0,0,0,security,0,0,0,0,0,0,0,0,0,1,0,0,0,1,0,0,3.0,1
574,2.68,6.42,2.84,7.24,11,3,23500000,2,0,0,0,0,1,mobile,0,0,1,0,0,0,0,0,0,0,1,0,0,1,1,0,3.6667,1
850,1.58,5.96,4.42,4.42,6,5,25413298,1,0,0,1,0,0,network_hosting,0,0,0,0,0,0,0,0,0,1,1,0,1,1,0,0,3.0,1
713,0.58,4.43,1.25,2.15,5,4,7516703,3,0,0,0,0,1,mobile,0,0,1,0,0,0,0,0,0,0,1,1,0,0,0,0,1.0,0
863,3.97,10.25,3.0,3.0,8,4,59000000,1,0,0,0,0,1,semiconductor,0,0,0,0,0,0,0,0,0,1,0,0,0,1,1,0,6.0,1
45,4.67,4.67,8.74,10.22,25,1,6000000,4,1,0,0,0,0,advertising,0,0,0,0,1,0,0,0,0,0,0,0,0,0,1,0,3.0,1
359,0.16,7.5,7.05,8.62,45,7,121500000,3,0,0,1,0,0,mobile,0,0,1,0,0,0,0,0,0,0,1,0,1,1,1,1,4.5,1
44,3.49,3.49,5.66,8.34,10,1,10000000,3,0,0,0,0,1,enterprise,0,0,0,1,0,0,0,0,0,0,0,0,0,0,1,0,2.0,1
9,3.59,11.11,8.01,9.99,13,3,9650000,4,0,0,1,0,0,mobile,0,0,1,0,0,0,0,0,0,0,1,0,1,0,0,1,4.0,1
222,3.82,6.09,9.01,9.77,3,2,19900000,2,0,0,0,0,1,software,1,0,0,0,0,0,0,0,0,0,1,0,0,1,0,0,2.0,1
514,,3.83,3.0,4.7,16,4,27063781,4,0,1,0,0,0,web,0,1,0,0,0,0,0,0,0,0,0,0,1,1,1,0,3.5,1
542,4.03,8.27,5.81,11.1,15,4,24500000,5,0,0,0,0,1,software,1,0,0,0,0,0,0,0,0,0,0,0,0,1,1,1,4.3333,1
171,0.75,4.92,3.04,6.84,30,6,125250000,5,0,1,0,0,0,web,0,1,0,0,0,0,0,0,0,0,1,0,1,1,1,1,3.5,1
502,0.44,0.44,0.82,0.82,2,1,1200000,1,1,0,0,0,0,web,0,1,0,0,0,0,0,0,0,0,1,0,0,0,0,0,2.0,0
757,1.33,2.71,4.37,6.46,6,2,29000000,3,1,0,0,0,0,software,1,0,0,0,0,0,0,0,0,0,0,0,0,1,1,0,2.5,1
403,4.3,4.3,5.0,5.0,3,1,5000000,1,0,0,0,0,1,software,1,0,0,0,0,0,0,0,0,0,1,0,0,0,0,0,5.0,0
322,2.0,3.05,3.58,5.48,9,2,6000000,2,1,0,0,0,0,finance,0,0,0,0,0,0,0,0,0,1,0,0,1,1,0,0,2.5,1
59,1.99,4.15,2.9,5.26,10,3,24000000,4,1,0,0,0,0,software,1,0,0,0,0,0,0,0,0,0,0,0,1,1,0,0,3.3333,1
837,1.96,1.96,1.96,2.0,11,1,3011408,3,1,0,0,0,0,software,1,0,0,0,0,0,0,0,0,0,0,0,0,1,0,0,1.0,1
544,3.25,3.25,3.84,7.9,19,1,14500000,3,1,0,0,0,0,enterprise,0,0,0,1,0,0,0,0,0,0,0,0,0,0,1,0,9.0,1
342,3.16,3.69,3.0,4.5,6,2,16300000,2,0,0,1,0,0,enterprise,0,0,0,1,0,0,0,0,0,0,0,0,0,1,0,0,2.0,1
693,3.16,3.16,2.0,2.0,6,1,15000000,1,1,0,0,0,0,software,1,0,0,0,0,0,0,0,0,0,0,0,0,0,0,1,3.0,1
816,5.67,8.5,6.75,8.09,4,3,1400000,2,1,0,0,0,0,software,1,0,0,0,0,0,0,0,0,0,0,1,0,0,0,0,1.0,1
630,1.51,3.61,1.32,4.16,8,2,7350000,3,0,1,0,0,0,games_video,0,0,0,0,0,1,0,0,0,0,0,0,1,1,0,0,4.5,0
274,2.33,6.97,4.0,8.3,11,3,68200000,3,1,0,0,0,0,hardware,0,0,0,0,0,0,0,0,0,1,1,1,0,0,0,0,4.0,1
293,1.0,1.0,1.16,3.57,2,1,5000000,2,1,0,0,0,0,games_video,0,0,0,0,0,1,0,0,0,0,0,0,1,0,0,0,3.0,0
116,0.15,0.5,0.5,3.01,10,2,2565000,3,1,0,0,0,0,mobile,0,0,1,0,0,0,0,0,0,0,0,1,1,0,0,0,3.5,1
792,2.42,3.09,,3.97,3,2,1310000,4,0,0,0,0,1,web,0,1,0,0,0,0,0,0,0,0,0,1,0,0,0,0,1.0,0
405,1.0,8.25,,,6,4,68400000,0,1,0,0,0,0,mobile,0,0,1,0,0,0,0,0,0,0,1,0,1,0,1,1,4.0,1
492,0.89,0.89,1.33,2.53,15,1,4000000,2,0,1,0,0,0,mobile,0,0,1,0,0,0,0,0,0,0,0,0,1,0,0,0,3.0,0
217,4.67,9.12,9.75,12.8,33,3,37000000,4,1,0,0,0,0,software,1,0,0,0,0,0,0,0,0,0,0,0,1,1,1,0,1.3333,0
711,0.83,0.83,,1.19,5,1,154000,2,1,0,0,0,0,real_estate,0,0,0,0,0,0,0,0,0,1,0,1,0,0,0,0,1.0,0
555,0.0,0.64,1.58,3.07,11,2,41000000,2,1,0,0,0,0,other,0,0,0,0,0,0,0,0,0,1,0,0,1,1,0,0,1.5,0
304,0.59,0.59,1.05,1.05,8,1,2600000,1,1,0,0,0,0,ecommerce,0,0,0,0,0,0,1,0,0,0,0,0,1,0,0,0,2.0,1
439,3.67,5.56,,,0,3,9100000,0,0,0,0,1,0,software,1,0,0,0,0,0,0,0,0,0,1,0,0,1,1,0,1.0,0
212,1.25,2.08,2.5,5.32,4,2,3300000,3,1,0,0,0,0,advertising,0,0,0,0,1,0,0,0,0,0,0,1,1,0,0,0,2.0,1
596,0.41,2.47,3.0,3.0,19,3,31500000,1,1,0,0,0,0,enterprise,0,0,0,1,0,0,0,0,0,0,0,0,1,1,1,0,3.3333,1
438,1.45,2.51,2.5,3.64,15,2,41000000,2,1,0,0,0,0,fashion,0,0,0,0,0,0,0,0,0,1,0,0,0,1,1,0,1.5,1
390,3.61,4.38,0.0,7.92,1,2,11800000,2,0,0,1,0,0,search,0,0,0,0,0,0,0,0,0,1,0,0,0,0,1,1,4.5,1
475,1.08,3.13,5.92,7.93,16,2,4200000,2,1,0,0,0,0,enterprise,0,0,0,1,0,0,0,0,0,0,0,0,1,1,0,0,1.5,1
270,3.39,5.07,5.72,8.73,3,2,11725600,2,1,0,0,0,0,mobile,0,0,1,0,0,0,0,0,0,0,0,0,1,1,0,0,2.0,1
916,5.13,5.13,3.16,8.51,6,1,2000000,2,0,0,0,0,1,advertising,0,0,0,0,1,0,0,0,0,0,0,0,1,0,0,0,2.0,0
612,4.22,4.22,,,0,1,1000000,0,1,0,0,0,0,network_hosting,0,0,0,0,0,0,0,0,0,1,1,0,0,0,0,0,2.0,0
263,3.6,3.6,3.0,3.0,2,1,10000000,1,1,0,0,0,0,public_relations,0,0,0,0,0,0,0,0,0,1,0,0,0,0,1,0,4.0,0
124,0.77,1.5,,3.75,14,3,10500000,3,0,1,0,0,0,photo_video,0,0,0,0,0,0,0,0,0,1,1,0,1,0,0,0,6.3333,1
510,0.04,3.14,1.85,4.49,30,2,6875000,5,1,0,0,0,0,web,0,1,0,0,0,0,0,0,0,0,1,0,1,0,0,0,7.0,1
205,2.3,3.21,3.59,4.58,4,2,12000000,3,1,0,0,0,0,advertising,0,0,0,0,1,0,0,0,0,0,0,0,0,1,1,0,2.0,0
395,3.71,8.96,4.0,4.0,7,4,25305000,1,1,0,0,0,0,software,1,0,0,0,0,0,0,0,0,0,1,0,1,1,1,0,2.0,1
11,4.63,9.45,10.13,10.65,22,3,27500000,3,1,0,0,0,0,mobile,0,0,1,0,0,0,0,0,0,0,0,0,1,1,0,0,1.0,1
46,2.62,2.62,,,4,1,25000000,0,1,0,0,0,0,software,1,0,0,0,0,0,0,0,0,0,0,0,0,1,0,0,5.0,1
853,0.0,3.47,0.0,1.91,4,5,10000003,2,0,0,0,0,1,enterprise,0,0,0,1,0,0,0,0,0,0,1,0,1,1,0,0,1.5,1
336,0.59,2.64,3.54,6.07,13,3,16500000,4,1,0,0,0,0,web,0,1,0,0,0,0,0,0,0,0,0,0,1,1,1,0,1.3333,1
1,2.25,3.0,4.67,6.7,3,3,375000,3,1,0,0,0,0,music,0,0,0,0,0,0,0,0,0,1,0,1,0,0,0,0,1.0,1
458,1.9,1.9,1.9,4.0,13,1,1500000,3,0,1,0,0,0,music,0,0,0,0,0,0,0,0,0,1,0,0,1,0,0,0,1.0,1
500,,0.87,,1.21,4,3,430000,2,1,0,0,0,0,games_video,0,0,0,0,0,1,0,0,0,0,0,1,0,0,0,0,1.6667,1
854,0.77,2.85,,2.85,3,2,1750000,2,0,0,0,0,1,travel,0,0,0,0,0,0,0,0,0,1,1,1,0,0,0,0,1.0,1
679,2.15,4.97,2.37,2.71,4,5,7939553,2,1,0,0,0,0,web,0,1,0,0,0,0,0,0,0,0,1,0,0,1,0,0,2.0,1
518,0.0,3.39,5.4,8.71,17,5,28300000,4,1,0,0,0,0,web,0,1,0,0,0,0,0,0,0,0,0,1,1,1,1,1,2.0,1
180,0.41,3.97,4.25,5.77,13,4,24500000,4,0,0,1,0,0,software,1,0,0,0,0,0,0,0,0,0,0,0,1,1,1,0,2.5,0
103,0.08,1.27,,,5,3,12500000,0,0,0,0,0,1,software,1,0,0,0,0,0,0,0,0,0,1,0,1,1,0,0,2.3333,1
453,5.35,5.35,,,6,1,15000000,0,0,1,0,0,0,games_video,0,0,0,0,0,1,0,0,0,0,0,0,0,0,1,0,4.0,1
742,1.22,1.22,1.42,2.68,6,1,5500000,2,1,0,0,0,0,ecommerce,0,0,0,0,0,0,1,0,0,0,0,0,1,0,0,0,8.0,0
245,0.67,6.28,2.79,7.45,16,5,80000000,3,1,0,0,0,0,network_hosting,0,0,0,0,0,0,0,0,0,1,0,1,1,1,1,1,2.25,1
802,2.67,2.67,,,6,1,5500000,0,1,0,0,0,0,web,0,1,0,0,0,0,0,0,0,0,0,0,1,0,0,0,1.0,0
522,0.18,4.03,3.67,7.24,6,3,12400000,4,1,0,0,0,0,web,0,1,0,0,0,0,0,0,0,0,1,0,1,1,0,0,1.6667,1
590,0.0,2.84,2.92,4.31,7,5,43600000,3,1,0,0,0,0,search,0,0,0,0,0,0,0,0,0,1,0,0,1,1,1,1,3.0,0
728,1.33,7.08,4.87,7.01,25,8,129677153,3,1,0,0,0,0,enterprise,0,0,0,1,0,0,0,0,0,0,1,0,1,1,1,1,3.0,1
889,7.0,7.0,7.67,7.67,3,1,3000000,1,0,0,0,0,1,hardware,0,0,0,0,0,0,0,0,0,1,0,0,1,0,0,0,3.0,1
216,6.89,10.41,,,5,3,52800000,0,1,0,0,0,0,semiconductor,0,0,0,0,0,0,0,0,0,1,1,0,0,0,1,0,5.3333,1
604,,,0.04,0.04,2,1,500000,1,1,0,0,0,0,web,0,1,0,0,0,0,0,0,0,0,0,1,0,0,0,0,1.0,0
666,0.92,2.63,2.95,3.97,5,2,15000000,2,0,0,1,0,0,software,1,0,0,0,0,0,0,0,0,0,0,0,1,1,0,0,2.0,1
860,2.97,3.72,6.97,8.33,16,2,42500000,3,0,0,0,1,0,public_relations,0,0,0,0,0,0,0,0,0,1,0,0,0,0,1,1,5.5,1
262,7.35,8.13,11.03,11.06,13,2,24500000,2,0,0,1,0,0,security,0,0,0,0,0,0,0,0,0,1,0,0,0,0,0,0,5.5,1
632,1.88,1.88,1.66,3.02,5,1,1000000,3,0,1,0,0,0,fashion,0,0,0,0,0,0,0,0,0,1,0,0,1,0,0,0,7.0,0
407,0.67,1.93,0.0,0.0,2,2,10800000,1,0,1,0,0,0,enterprise,0,0,0,1,0,0,0,0,0,0,1,0,1,0,0,0,2.0,0
489,,4.21,6.42,9.07,27,4,28300000,4,1,0,0,0,0,web,0,1,0,0,0,0,0,0,0,0,0,0,1,1,1,1,2.5,1
330,2.55,6.39,6.64,6.64,15,2,12800000,1,0,0,0,0,1,software,1,0,0,0,0,0,0,0,0,0,0,0,1,1,0,0,2.0,0
852,,0.34,0.41,0.87,5,2,1015000,2,1,0,0,0,0,games_video,0,0,0,0,0,1,0,0,0,0,0,1,0,0,0,0,5.0,0
199,3.5,5.44,,,3,2,3508462,0,0,0,0,0,1,medical,0,0,0,0,0,0,0,0,0,1,1,0,1,0,0,0,3.0,0
100,0.75,3.01,,,3,3,54000000,0,1,0,0,0,0,cleantech,0,0,0,0,0,0,0,0,0,1,1,0,0,0,1,0,2.6667,0
203,0.82,5.56,4.56,7.99,8,4,32500000,3,0,0,0,0,1,enterprise,0,0,0,1,0,0,0,0,0,0,0,0,1,1,1,1,2.75,0
656,5.66,5.66,5.0,5.0,4,1,30000000,1,1,0,0,0,0,biotech,0,0,0,0,0,0,0,1,0,0,0,0,0,0,1,0,9.0,1
319,4.85,4.85,6.59,6.59,5,1,4000000,1,0,0,0,0,1,security,0,0,0,0,0,0,0,0,0,1,0,0,0,0,0,0,5.0,1
503,1.83,3.33,3.27,7.63,16,2,17100000,4,0,0,0,0,1,web,0,1,0,0,0,0,0,0,0,0,0,0,1,1,0,0,2.5,1
811,0.84,3.76,0.9,0.9,5,3,1420698,1,0,1,0,0,0,mobile,0,0,1,0,0,0,0,0,0,0,1,1,0,0,0,0,2.0,1
682,0.25,2.56,2.0,4.78,11,3,12800000,2,0,1,0,0,0,games_video,0,0,0,0,0,1,0,0,0,0,0,1,1,1,0,0,1.5,1
488,1.4,1.4,,,1,1,205000,0,0,0,0,0,1,network_hosting,0,0,0,0,0,0,0,0,0,1,0,1,0,0,0,0,1.0,0
904,3.76,3.76,,,1,1,27500000,0,1,0,0,0,0,semiconductor,0,0,0,0,0,0,0,0,0,1,0,0,0,0,1,0,7.0,1
320,0.5,3.71,2.99,4.02,5,3,9400000,4,1,0,0,0,0,games_video,0,0,0,0,0,1,0,0,0,0,1,0,1,1,0,0,4.0,1
340,1.02,7.15,5.7,8.18,10,4,13075000,2,1,0,0,0,0,advertising,0,0,0,0,1,0,0,0,0,0,0,0,1,1,0,0,4.0,1
300,2.4,6.03,,,1,4,21470000,0,1,0,0,0,0,cleantech,0,0,0,0,0,0,0,0,0,1,0,0,1,1,0,0,3.5,0
796,0.89,2.25,2.66,2.75,21,4,36500000,3,0,1,0,0,0,ecommerce,0,0,0,0,0,0,1,0,0,0,0,0,1,1,1,0,1.5,1
228,1.47,1.47,1.0,1.47,5,1,2000000,2,0,1,0,0,0,ecommerce,0,0,0,0,0,0,1,0,0,0,0,0,1,0,0,0,3.0,1
559,,,,,6,1,100000,2,0,1,0,0,0,advertising,0,0,0,0,1,0,0,0,0,0,0,1,0,0,0,0,1.0,0
564,0.79,0.79,2.05,3.33,7,1,4000000,4,1,0,0,0,0,web,0,1,0,0,0,0,0,0,0,0,0,0,1,0,0,0,1.0,0
723,0.75,0.75,3.17,4.62,13,1,1000000,2,0,0,0,0,1,advertising,0,0,0,0,1,0,0,0,0,0,0,0,1,0,0,0,3.0,1
377,0.33,5.49,2.75,5.59,14,5,19389998,2,0,0,0,0,1,education,0,0,0,0,0,0,0,0,0,1,1,0,1,1,1,0,1.5,1
497,0.67,0.67,0.42,0.42,2,1,20000,1,1,0,0,0,0,messaging,0,0,0,0,0,0,0,0,0,1,0,1,0,0,0,0,1.0,0
676,21.9,21.9,24.68,24.68,1,1,8000000,1,0,0,0,0,1,software,1,0,0,0,0,0,0,0,0,0,1,0,0,0,0,0,2.0,0
371,2.25,4.74,5.34,7.27,22,3,39007789,5,0,1,0,0,0,enterprise,0,0,0,1,0,0,0,0,0,0,0,0,1,1,1,0,3.0,1
531,0.71,0.71,1.58,3.0,5,1,3200000,3,1,0,0,0,0,web,0,1,0,0,0,0,0,0,0,0,0,0,1,0,0,0,1.0,1
423,3.58,3.58,,7.59,3,1,4100000,3,0,0,0,0,1,web,0,1,0,0,0,0,0,0,0,0,1,0,0,0,0,0,1.0,0
91,4.0,7.87,0.16,0.16,5,2,10000000,1,1,0,0,0,0,semiconductor,0,0,0,0,0,0,0,0,0,1,1,0,0,1,0,0,4.0,1
582,3.69,10.14,3.0,3.0,2,4,27101994,1,0,0,1,0,0,enterprise,0,0,0,1,0,0,0,0,0,0,1,0,0,1,0,0,4.6667,1
887,1.18,2.72,2.52,3.67,21,3,45039999,3,1,0,0,0,0,games_video,0,0,0,0,0,1,0,0,0,0,0,0,1,1,1,0,3.6667,1
366,6.97,6.97,0.08,11.97,6,1,5000000,2,0,0,0,1,0,security,0,0,0,0,0,0,0,0,0,1,0,0,0,0,1,0,5.0,1
877,5.78,5.78,2.0,2.0,1,1,10000000,1,1,0,0,0,0,hardware,0,0,0,0,0,0,0,0,0,1,1,0,0,0,0,0,3.0,0
636,0.08,1.33,,,6,2,500000,0,1,0,0,0,0,software,1,0,0,0,0,0,0,0,0,0,0,0,0,0,0,0,1.0,0
849,1.17,3.21,0.75,2.81,16,2,12300000,3,0,1,0,0,0,enterprise,0,0,0,1,0,0,0,0,0,0,0,0,0,1,1,0,1.5,1
401,1.08,2.5,2.52,5.02,10,2,8400000,3,0,0,1,0,0,web,0,1,0,0,0,0,0,0,0,0,0,0,1,1,0,0,2.0,1
24,,3.32,3.7,5.66,4,2,2300000,3,1,0,0,0,0,mobile,0,0,1,0,0,0,0,0,0,0,0,1,1,0,0,0,2.0,0
650,0.42,3.67,0.89,5.28,24,3,16000000,4,1,0,0,0,0,web,0,1,0,0,0,0,0,0,0,0,0,0,1,1,1,0,5.6667,1
805,3.79,5.51,,,11,2,83000000,0,1,0,0,0,0,biotech,0,0,0,0,0,0,0,1,0,0,1,0,0,0,0,0,1.0,1
219,0.72,2.44,0.77,2.79,7,2,3000000,2,1,0,0,0,0,messaging,0,0,0,0,0,0,0,0,0,1,0,0,1,1,0,0,2.5,1
328,2.22,2.22,0.75,3.42,5,1,1000000,4,1,0,0,0,0,mobile,0,0,1,0,0,0,0,0,0,0,0,0,1,0,0,0,1.0,0
625,3.75,3.75,5.54,6.76,7,1,10000000,3,0,1,0,0,0,advertising,0,0,0,0,1,0,0,0,0,0,0,0,1,0,0,0,1.0,1
277,1.41,1.91,,1.84,5,2,2212000,2,0,1,0,0,0,analytics,0,0,0,0,0,0,0,0,0,1,0,1,1,0,0,0,3.0,1
479,1.09,2.56,4.0,4.0,7,2,9500000,1,1,0,0,0,0,software,1,0,0,0,0,0,0,0,0,0,0,0,1,1,0,0,2.5,0
585,,0.39,,0.08,5,3,11300000,2,0,0,1,0,0,web,0,1,0,0,0,0,0,0,0,0,1,0,0,1,1,0,1.0,0
391,1.6,2.18,0.08,0.08,2,2,2387481,1,0,0,0,0,1,analytics,0,0,0,0,0,0,0,0,0,1,1,0,0,0,0,0,1.0,0
257,2.0,6.23,4.0,10.76,8,3,64080000,2,1,0,0,0,0,biotech,0,0,0,0,0,0,0,1,0,0,0,0,1,1,1,0,4.0,1
804,1.5,1.67,0.0,7.52,2,2,30150000,3,1,0,0,0,0,advertising,0,0,0,0,1,0,0,0,0,0,0,0,1,1,0,0,1.5,0
695,0.33,6.42,1.17,4.99,6,8,211403000,2,1,0,0,0,0,cleantech,0,0,0,0,0,0,0,0,0,1,1,0,1,1,1,0,2.7143,0
717,0.58,0.58,,3.83,5,1,750000,3,0,0,0,0,1,search,0,0,0,0,0,0,0,0,0,1,0,1,0,0,0,0,2.0,1
69,7.25,7.25,7.01,7.01,7,1,12000000,1,1,0,0,0,0,security,0,0,0,0,0,0,0,0,0,1,0,0,0,0,0,0,2.0,1
776,5.35,7.23,,,2,4,13045000,0,1,0,0,0,0,semiconductor,0,0,0,0,0,0,0,0,0,1,0,0,1,1,0,0,2.0,1
13,4.9,4.9,,,0,1,350000,0,0,0,0,0,1,web,0,1,0,0,0,0,0,0,0,0,1,0,0,0,0,0,1.0,0
862,2.53,2.53,,4.05,3,1,7800000,2,1,0,0,0,0,software,1,0,0,0,0,0,0,0,0,0,1,0,0,0,0,0,2.0,1
173,0.7,1.19,0.66,2.62,5,2,6000000,3,0,0,1,0,0,mobile,0,0,1,0,0,0,0,0,0,0,0,1,1,0,0,0,6.0,1
724,0.67,5.13,2.75,6.0,15,4,41000000,2,0,0,1,0,0,health,0,0,0,0,0,0,0,0,0,1,1,0,1,1,1,0,1.75,1
703,,,,,1,1,150000,0,0,0,0,0,1,social,0,0,0,0,0,0,0,0,0,1,0,1,0,0,0,0,1.0,0
201,0.47,0.47,1.1,1.68,5,1,3750000,3,1,0,0,0,0,mobile,0,0,1,0,0,0,0,0,0,0,0,0,0,0,0,0,9.0,1
127,6.17,7.92,8.01,11.25,6,3,100000000,3,0,0,0,0,1,web,0,1,0,0,0,0,0,0,0,0,1,0,1,0,0,0,2.5,1
743,4.89,4.89,3.29,3.29,8,1,10571182,1,1,0,0,0,0,cleantech,0,0,0,0,0,0,0,0,0,1,0,0,1,0,0,0,1.0,1
829,1.31,1.31,1.31,2.88,11,1,200000,3,0,0,0,0,1,news,0,0,0,0,0,0,0,0,0,1,1,0,0,0,0,0,1.0,1
22,3.83,3.83,3.75,3.75,3,1,15000000,1,0,0,0,0,1,other,0,0,0,0,0,0,0,0,0,1,0,0,0,1,0,0,2.0,0
664,5.42,5.42,,,0,1,8700000,0,0,0,0,0,1,network_hosting,0,0,0,0,0,0,0,0,0,1,0,0,1,0,0,0,2.0,0
258,1.34,1.73,,1.72,8,2,5800000,2,0,0,0,0,1,enterprise,0,0,0,1,0,0,0,0,0,0,0,1,1,0,0,0,4.0,1
409,2.52,2.52,4.0,9.88,5,1,7660000,3,1,0,0,0,0,security,0,0,0,0,0,0,0,0,0,1,0,0,1,0,0,0,6.0,1
903,0.0,6.5,0.34,10.01,24,3,26914000,3,1,0,0,0,0,software,1,0,0,0,0,0,0,0,0,0,0,0,1,1,1,0,6.0,1
823,1.0,2.16,4.36,5.33,10,2,3500000,2,1,0,0,0,0,games_video,0,0,0,0,0,1,0,0,0,0,0,1,1,0,0,0,2.0,1
17,2.59,6.76,5.5,5.5,8,5,49000000,1,1,0,0,0,0,security,0,0,0,0,0,0,0,0,0,1,1,0,1,1,1,1,3.5,0
214,2.45,2.45,,,0,2,1000000,0,0,0,0,0,1,software,1,0,0,0,0,0,0,0,0,0,1,1,0,0,0,0,2.0,0
348,2.0,2.0,,,4,1,500000,0,0,1,0,0,0,web,0,1,0,0,0,0,0,0,0,0,0,1,0,0,0,0,5.0,0
669,0.08,1.82,1.08,2.3,7,3,4000000,2,0,1,0,0,0,web,0,1,0,0,0,0,0,0,0,0,0,1,1,0,0,0,2.0,1
213,1.56,1.56,1.24,1.77,6,1,750000,3,1,0,0,0,0,analytics,0,0,0,0,0,0,0,0,0,1,0,1,0,0,0,0,9.0,1
143,2.0,3.92,3.0,5.22,8,3,45000000,3,0,1,0,0,0,games_video,0,0,0,0,0,1,0,0,0,0,0,0,1,0,0,0,1.0,0
420,4.33,11.17,8.7,8.71,3,4,135826373,2,0,0,1,0,0,other,0,0,0,0,0,0,0,0,0,1,0,0,0,1,0,1,4.3333,1
294,1.67,1.67,,,3,1,350000,0,0,0,0,0,1,hardware,0,0,0,0,0,0,0,0,0,1,1,0,0,0,0,0,1.0,0
89,0.88,0.88,,,7,1,12000000,0,1,0,0,0,0,ecommerce,0,0,0,0,0,0,1,0,0,0,1,0,0,0,0,0,9.0,0
457,0.75,0.75,,,3,2,100000,0,0,1,0,0,0,advertising,0,0,0,0,1,0,0,0,0,0,0,1,0,0,0,0,1.0,0
539,0.33,4.69,3.25,4.69,13,4,25200000,3,1,0,0,0,0,software,1,0,0,0,0,0,0,0,0,0,0,0,1,1,1,1,4.0,1
494,0.74,0.74,1.17,3.92,9,1,4000000,2,0,0,0,1,0,search,0,0,0,0,0,0,0,0,0,1,0,0,1,0,0,0,2.0,0
911,1.08,2.85,1.61,4.51,9,2,5686383,3,0,1,0,0,0,mobile,0,0,1,0,0,0,0,0,0,0,0,0,1,0,0,0,2.0,1
579,1.07,1.07,0.84,3.99,4,1,4300000,3,1,0,0,0,0,advertising,0,0,0,0,1,0,0,0,0,0,0,0,1,0,0,0,2.0,0
716,0.68,0.79,0.0,0.0,2,2,125000,1,0,0,0,0,1,analytics,0,0,0,0,0,0,0,0,0,1,0,1,0,0,0,0,1.0,0
454,1.41,4.28,1.33,5.18,5,2,889999,2,1,0,0,0,0,mobile,0,0,1,0,0,0,0,0,0,0,1,1,0,0,0,0,3.5,0
108,1.04,1.04,0.0,1.04,2,1,1000000,2,0,0,0,0,1,web,0,1,0,0,0,0,0,0,0,0,0,1,0,0,0,0,1.0,0
455,4.22,4.22,3.0,3.0,6,1,16000000,1,1,0,0,0,0,software,1,0,0,0,0,0,0,0,0,0,0,0,0,1,0,0,3.0,1
471,0.12,0.12,,5.26,6,1,9150000,2,1,0,0,0,0,web,0,1,0,0,0,0,0,0,0,0,0,0,1,0,0,0,2.0,1
138,1.58,6.65,5.01,7.09,4,3,78750000,2,0,0,1,0,0,biotech,0,0,0,0,0,0,0,1,0,0,0,0,1,1,0,0,3.5,1
755,0.13,0.27,0.31,0.31,5,2,11000,1,0,1,0,0,0,web,0,1,0,0,0,0,0,0,0,0,0,1,0,0,0,0,1.0,0
885,1.08,5.82,6.35,9.44,14,4,42000000,4,0,0,0,0,1,web,0,1,0,0,0,0,0,0,0,0,0,0,1,1,1,0,2.3333,1
168,0.0,0.0,0.0,0.0,2,1,15000,1,0,0,0,0,1,web,0,1,0,0,0,0,0,0,0,0,0,1,0,0,0,0,1.0,0
14,0.02,2.44,0.79,4.38,15,3,9950000,3,0,1,0,0,0,education,0,0,0,0,0,0,0,0,0,1,0,0,1,1,1,0,2.3333,1
63,4.05,9.3,6.0,6.0,2,5,18914576,1,0,0,0,0,1,enterprise,0,0,0,1,0,0,0,0,0,0,1,0,0,0,1,0,3.0,1
498,3.64,11.9,10.98,12.68,29,7,238209999,3,0,0,0,0,1,software,1,0,0,0,0,0,0,0,0,0,1,0,0,0,0,0,2.0,1
626,4.22,4.22,,,4,1,26000000,0,1,0,0,0,0,public_relations,0,0,0,0,0,0,0,0,0,1,0,0,0,0,0,1,4.0,0
541,1.34,4.3,2.08,5.84,12,4,46300000,4,1,0,0,0,0,games_video,0,0,0,0,0,1,0,0,0,0,1,0,1,1,1,0,4.25,1
613,2.56,3.39,8.15,8.15,7,2,11000000,1,1,0,0,0,0,software,1,0,0,0,0,0,0,0,0,0,1,0,0,1,0,0,1.5,1
737,0.76,0.76,,,3,1,500000,0,0,0,0,0,1,games_video,0,0,0,0,0,1,0,0,0,0,1,0,0,0,0,0,1.0,0
848,,2.25,1.75,1.75,3,2,350000,1,0,0,0,0,1,mobile,0,0,1,0,0,0,0,0,0,0,0,1,0,0,0,0,1.0,0
620,7.39,7.39,4.0,4.0,4,1,10000000,1,1,0,0,0,0,biotech,0,0,0,0,0,0,0,1,0,0,0,0,0,0,1,0,1.0,1
323,2.14,10.13,10.42,12.19,35,4,60704370,3,0,0,0,0,1,transportation,0,0,0,0,0,0,0,0,0,1,1,0,0,1,0,1,2.0,1
739,0.58,1.65,,,3,2,850000,0,1,0,0,0,0,ecommerce,0,0,0,0,0,0,1,0,0,0,0,1,1,0,0,0,1.0,0
770,0.08,0.08,0.5,1.38,8,1,1750000,2,0,1,0,0,0,news,0,0,0,0,0,0,0,0,0,1,0,0,0,0,0,0,5.0,1
821,0.92,3.75,0.58,4.88,14,3,28000000,2,0,0,1,0,0,network_hosting,0,0,0,0,0,0,0,0,0,1,0,0,1,1,1,0,2.6667,1
516,2.16,3.29,3.5,7.69,13,2,33000000,4,0,0,0,0,0,search,0,0,0,0,0,0,0,0,0,1,0,0,1,1,0,0,2.5,0
907,5.3,8.62,,,4,3,53000000,0,1,0,0,0,0,semiconductor,0,0,0,0,0,0,0,0,0,1,0,0,0,0,1,1,4.6667,1
530,0.45,6.08,3.74,3.74,2,3,15286415,1,0,0,0,0,1,photo_video,0,0,0,0,0,0,0,0,0,1,0,0,1,0,0,0,1.0,1
209,5.1,8.64,5.67,6.9,10,3,10000000,2,1,0,0,0,0,advertising,0,0,0,0,1,0,0,0,0,0,1,0,0,1,0,0,1.6667,1
207,1.17,1.5,0.08,5.39,3,2,4700000,4,1,0,0,0,0,web,0,1,0,0,0,0,0,0,0,0,0,1,1,0,0,0,1.5,0
250,0.0,0.0,3.59,4.33,0,1,1000000,2,0,1,0,0,0,web,0,1,0,0,0,0,0,0,0,0,0,1,0,0,0,0,1.0,1
170,2.81,2.81,3.0,4.65,6,1,3000000,2,1,0,0,0,0,games_video,0,0,0,0,0,1,0,0,0,0,1,0,0,0,0,0,1.0,1
339,0.0,3.96,4.76,5.15,24,5,90000000,3,0,1,0,0,0,enterprise,0,0,0,1,0,0,0,0,0,0,1,0,1,1,1,1,3.8,1
253,5.59,5.59,,,3,1,26000000,0,0,0,1,0,0,semiconductor,0,0,0,0,0,0,0,0,0,1,1,0,0,0,0,0,2.0,1
589,5.49,6.58,6.75,6.75,3,2,13000000,1,0,0,0,0,1,network_hosting,0,0,0,0,0,0,0,0,0,1,0,0,1,1,0,0,1.5,1
774,5.15,5.15,2.0,2.0,4,1,2000000,1,0,0,1,0,0,web,0,1,0,0,0,0,0,0,0,0,1,0,0,0,0,0,1.0,1
569,1.88,1.88,1.0,1.0,2,1,10000000,1,0,0,0,0,1,software,1,0,0,0,0,0,0,0,0,0,0,0,1,0,0,0,2.0,0
87,1.13,1.13,1.0,2.68,7,1,5000000,2,1,0,0,0,0,web,0,1,0,0,0,0,0,0,0,0,0,0,1,0,0,0,1.0,1
685,6.01,6.01,6.01,6.01,2,1,10000000,1,1,0,0,0,0,semiconductor,0,0,0,0,0,0,0,0,0,1,0,0,0,0,1,0,1.0,1
570,0.68,1.45,0.0,0.0,2,2,21189,1,1,0,0,0,0,mobile,0,0,1,0,0,0,0,0,0,0,1,1,0,0,0,0,1.0,0
10,1.67,4.68,2.92,6.12,14,3,5750000,4,1,0,0,0,0,web,0,1,0,0,0,0,0,0,0,0,1,1,1,0,0,0,1.0,1
460,0.25,0.74,4.21,6.35,22,2,4000000,4,1,0,0,0,0,web,0,1,0,0,0,0,0,0,0,0,0,0,1,1,0,0,3.0,1
892,0.67,0.67,0.8,5.28,1,1,1300000,3,1,0,0,0,0,web,0,1,0,0,0,0,0,0,0,0,0,1,0,0,0,0,8.0,0
581,4.24,9.36,5.01,5.01,16,2,51000000,1,1,0,0,0,0,biotech,0,0,0,0,0,0,0,1,0,0,0,0,0,0,1,0,3.5,1
586,0.3,0.3,0.3,0.3,1,1,19000,1,0,0,0,0,1,ecommerce,0,0,0,0,0,0,1,0,0,0,0,1,0,0,0,0,1.0,0
908,2.33,6.68,6.96,8.93,17,4,23100000,3,1,0,0,0,0,social,0,0,0,0,0,0,0,0,0,1,1,0,1,1,1,0,2.0,1
601,0.76,2.45,2.16,2.9,3,2,250000,2,0,0,0,0,1,news,0,0,0,0,0,0,0,0,0,1,0,1,0,0,0,0,1.5,1
670,0.92,5.55,5.0,5.0,9,2,73000000,1,1,0,0,0,0,biotech,0,0,0,0,0,0,0,1,0,0,1,0,0,1,0,0,3.0,1
185,0.62,1.59,,,2,2,890000,0,0,1,0,0,0,mobile,0,0,1,0,0,0,0,0,0,0,0,1,0,0,0,0,3.0,0
114,0.41,0.41,0.0,2.53,10,1,6100000,2,1,0,0,0,0,search,0,0,0,0,0,0,0,0,0,1,0,0,0,1,0,0,4.0,1
210,4.96,10.32,,,0,4,39000000,0,0,0,0,1,0,semiconductor,0,0,0,0,0,0,0,0,0,1,1,0,1,0,0,0,3.0,0
813,1.16,4.8,2.33,6.9,18,3,67000000,5,1,0,0,0,0,transportation,0,0,0,0,0,0,0,0,0,1,0,0,1,1,1,0,2.6667,1
763,0.53,1.05,1.3,3.38,30,3,9807367,3,1,0,0,0,0,advertising,0,0,0,0,1,0,0,0,0,0,0,1,1,0,0,0,8.6667,1
663,7.46,7.46,5.59,5.59,7,1,29000000,1,0,0,1,0,0,biotech,0,0,0,0,0,0,0,1,0,0,1,0,0,0,0,0,7.0,1
331,4.24,6.58,7.0,7.0,10,2,30500000,1,1,0,0,0,0,enterprise,0,0,0,1,0,0,0,0,0,0,0,0,0,0,0,1,4.5,1
368,2.35,3.35,,,3,2,72300000,0,1,0,0,0,0,advertising,0,0,0,0,1,0,0,0,0,0,0,0,0,1,1,0,4.5,1
842,4.09,4.09,4.67,5.19,13,1,1000000,2,1,0,0,0,0,advertising,0,0,0,0,1,0,0,0,0,0,0,1,0,0,0,0,5.0,1
301,0.0,0.0,0.27,0.86,5,1,20000,2,0,0,0,1,0,mobile,0,0,1,0,0,0,0,0,0,0,0,1,0,0,0,0,1.0,0
691,0.0,0.69,0.0,0.69,6,2,650000,2,0,0,0,0,1,ecommerce,0,0,0,0,0,0,1,0,0,0,1,1,0,0,0,0,1.0,0
732,1.97,3.92,,,2,2,23000000,0,0,1,0,0,0,ecommerce,0,0,0,0,0,0,1,0,0,0,1,0,0,0,0,0,3.0,0
56,1.19,3.5,,,0,2,12050000,0,1,0,0,0,0,software,1,0,0,0,0,0,0,0,0,0,1,0,1,0,0,0,2.0,0
633,2.79,6.04,7.5,8.01,16,4,45000000,2,1,0,0,0,0,security,0,0,0,0,0,0,0,0,0,1,0,0,1,1,1,0,2.0,0
224,0.0,0.0,1.25,1.25,4,1,325000,1,1,0,0,0,0,cleantech,0,0,0,0,0,0,0,0,0,1,0,1,0,0,0,0,4.0,0
142,0.75,2.33,2.0,2.0,6,2,15000000,1,1,0,0,0,0,software,1,0,0,0,0,0,0,0,0,0,0,0,1,1,0,0,3.0,1
192,0.75,2.75,1.58,4.53,5,2,3500000,2,1,0,0,0,0,games_video,0,0,0,0,0,1,0,0,0,0,0,0,1,1,0,0,3.0,1
477,5.95,5.95,,,1,1,21500000,0,0,0,0,1,0,public_relations,0,0,0,0,0,0,0,0,0,1,0,0,0,0,1,0,4.0,1
412,3.88,7.2,2.67,7.2,3,4,28000000,2,1,0,0,0,0,ecommerce,0,0,0,0,0,0,1,0,0,0,1,0,0,1,1,0,3.0,0
77,9.17,9.2,,,0,2,17800000,0,1,0,0,0,0,software,1,0,0,0,0,0,0,0,0,0,1,0,0,0,0,0,1.0,0
701,5.48,5.48,,,5,1,30000000,0,1,0,0,0,0,medical,0,0,0,0,0,0,0,0,0,1,0,0,0,0,1,0,6.0,1
418,0.0,0.0,0.11,0.11,2,1,5000000,1,0,1,0,0,0,games_video,0,0,0,0,0,1,0,0,0,0,0,0,1,0,0,0,2.0,0
915,3.21,3.21,3.0,4.62,5,1,2700000,2,0,1,0,0,0,games_video,0,0,0,0,0,1,0,0,0,0,0,0,1,0,0,0,2.0,1
876,,3.65,4.15,4.68,12,4,20350000,3,0,0,1,0,0,analytics,0,0,0,0,0,0,0,0,0,1,0,1,1,1,0,0,3.75,1
415,0.58,1.65,0.63,4.26,6,2,540000,2,0,1,0,0,0,web,0,1,0,0,0,0,0,0,0,0,0,1,0,0,0,0,2.5,1
639,0.7,1.13,1.45,2.21,12,2,19000000,2,1,0,0,0,0,games_video,0,0,0,0,0,1,0,0,0,0,0,0,1,1,0,0,3.5,1
840,0.0,0.0,0.33,3.22,5,1,300000,4,1,0,0,0,0,public_relations,0,0,0,0,0,0,0,0,0,1,0,1,0,0,0,0,2.0,0
598,0.01,1.15,,1.23,5,3,900000,3,0,1,0,0,0,social,0,0,0,0,0,0,0,0,0,1,0,1,0,0,0,0,1.5,0
78,0.01,2.1,3.09,3.78,12,3,57500000,3,1,0,0,0,0,photo_video,0,0,0,0,0,0,0,0,0,1,0,1,1,1,0,0,4.0,1
815,0.47,1.22,0.0,1.22,5,2,300000,2,1,0,0,0,0,games_video,0,0,0,0,0,1,0,0,0,0,0,1,0,1,0,0,2.0,0
846,0.21,2.21,4.63,5.55,8,2,8500000,3,1,0,0,0,0,web,0,1,0,0,0,0,0,0,0,0,0,0,1,1,0,0,1.0,1
617,0.42,3.42,3.6,4.85,19,4,14100000,4,1,0,0,0,0,enterprise,0,0,0,1,0,0,0,0,0,0,0,1,1,1,0,0,2.25,1
587,1.67,5.3,5.84,8.35,27,6,78500000,3,0,0,0,0,1,ecommerce,0,0,0,0,0,0,1,0,0,0,0,0,1,1,1,1,3.4,1
551,8.45,8.45,,,1,1,42700000,0,1,0,0,0,0,biotech,0,0,0,0,0,0,0,1,0,0,0,0,0,1,0,0,3.0,0
125,0.76,4.41,2.78,4.0,14,4,34250000,2,1,0,0,0,0,cleantech,0,0,0,0,0,0,0,0,0,1,1,0,1,1,1,0,2.25,1
427,0.25,1.0,1.16,1.16,3,5,185000,1,1,0,0,0,0,mobile,0,0,1,0,0,0,0,0,0,0,1,1,0,0,0,0,2.0,0
789,,2.09,1.42,1.42,6,3,1830000,1,1,0,0,0,0,health,0,0,0,0,0,0,0,0,0,1,0,1,1,0,0,0,2.0,1
338,0.5,3.36,3.42,7.23,9,5,14400000,5,0,1,0,0,0,web,0,1,0,0,0,0,0,0,0,0,0,1,1,1,0,0,5.8,1
204,1.84,8.34,5.67,13.56,4,2,4900000,5,0,0,0,0,1,enterprise,0,0,0,1,0,0,0,0,0,0,0,1,0,1,0,0,1.5,1
68,3.96,6.52,4.58,7.69,4,2,13250000,4,0,0,0,0,1,advertising,0,0,0,0,1,0,0,0,0,0,1,0,0,0,0,0,2.0,1
33,,2.02,,,9,2,5000000,0,0,0,0,0,1,software,1,0,0,0,0,0,0,0,0,0,0,0,1,1,0,0,2.5,0
97,1.7,6.52,3.28,4.93,3,5,10764323,3,0,0,0,0,1,software,1,0,0,0,0,0,0,0,0,0,1,0,1,0,0,0,2.0,1
356,0.5,3.42,1.99,5.96,14,3,13100000,5,1,0,0,0,0,travel,0,0,0,0,0,0,0,0,0,1,0,1,0,1,1,0,1.6667,1
641,1.09,1.09,1.61,2.17,6,1,10000000,2,1,0,0,0,0,software,1,0,0,0,0,0,0,0,0,0,0,0,1,0,0,0,7.0,1
667,0.67,0.67,0.0,0.0,2,1,2600000,1,1,0,0,0,0,search,0,0,0,0,0,0,0,0,0,1,0,0,0,0,0,0,1.0,0
629,4.35,4.35,6.17,9.09,7,1,10000000,3,0,1,0,0,0,games_video,0,0,0,0,0,1,0,0,0,0,0,0,0,1,0,0,4.0,1
367,0.84,1.41,1.64,1.64,4,2,18800000,1,0,1,0,0,0,fashion,0,0,0,0,0,0,0,0,0,1,0,0,1,1,0,0,2.5,1
424,0.77,0.77,0.31,1.15,3,1,2000000,2,1,0,0,0,0,web,0,1,0,0,0,0,0,0,0,0,0,0,0,0,0,0,1.0,0
881,0.7,2.13,2.4,4.05,10,3,5550000,4,1,0,0,0,0,games_video,0,0,0,0,0,1,0,0,0,0,0,0,1,1,0,0,3.0,1
552,5.98,7.39,4.0,4.0,5,3,80000000,1,1,0,0,0,0,software,1,0,0,0,0,0,0,0,0,0,1,0,0,0,0,1,4.0,1
160,0.0,0.0,0.58,0.58,3,1,20000,1,0,0,0,0,1,web,0,1,0,0,0,0,0,0,0,0,0,1,0,0,0,0,1.0,0
808,1.43,1.43,2.35,3.46,5,1,4000000,3,1,0,0,0,0,software,1,0,0,0,0,0,0,0,0,0,0,0,1,0,0,0,4.0,1
753,1.33,3.0,2.16,5.96,8,3,3500000,6,0,0,1,0,0,ecommerce,0,0,0,0,0,0,1,0,0,0,1,1,1,0,0,0,1.6667,1
562,1.87,6.48,,,4,5,21138876,0,1,0,0,0,0,advertising,0,0,0,0,1,0,0,0,0,0,1,0,1,1,0,0,2.0,0
858,0.67,0.67,,0.86,7,1,50000,2,1,0,0,0,0,advertising,0,0,0,0,1,0,0,0,0,0,0,1,0,0,0,0,3.0,0
346,1.18,1.38,1.33,3.11,7,2,1900000,2,0,1,0,0,0,web,0,1,0,0,0,0,0,0,0,0,0,1,1,0,0,0,2.5,0
165,2.35,3.43,2.36,4.0,4,2,30000000,2,1,0,0,0,0,software,1,0,0,0,0,0,0,0,0,0,0,0,1,1,0,0,2.5,0
374,1.67,2.11,2.3,3.55,23,2,6100000,2,0,1,0,0,0,social,0,0,0,0,0,0,0,0,0,1,0,0,1,1,0,0,1.0,1
289,7.49,7.87,7.01,7.01,6,2,18000000,1,1,0,0,0,0,hardware,0,0,0,0,0,0,0,0,0,1,1,0,0,1,0,0,4.0,0
506,16.99,16.99,16.66,18.32,7,1,6000000,2,1,0,0,0,0,network_hosting,0,0,0,0,0,0,0,0,0,1,0,0,1,0,0,0,1.0,0
221,0.75,2.1,1.65,2.1,6,2,2000000,3,0,0,0,0,1,advertising,0,0,0,0,1,0,0,0,0,0,0,1,0,0,0,0,1.5,1
584,0.42,2.23,2.23,4.34,8,2,35000000,2,1,0,0,0,0,enterprise,0,0,0,1,0,0,0,0,0,0,0,0,1,1,0,0,2.5,1
354,1.41,2.52,,,0,2,1213066,0,0,0,0,0,1,enterprise,0,0,0,1,0,0,0,0,0,0,1,0,0,0,0,0,1.0,0
491,0.75,1.16,2.4,8.84,63,2,11500000,6,1,0,0,0,0,games_video,0,0,0,0,0,1,0,0,0,0,0,0,1,1,0,0,1.0,1
254,0.67,0.67,0.0,0.76,3,1,100000,2,1,0,0,0,0,games_video,0,0,0,0,0,1,0,0,0,0,0,1,0,0,0,0,1.0,0
638,10.36,10.36,5.84,5.84,4,1,21000000,1,0,0,0,0,1,semiconductor,0,0,0,0,0,0,0,0,0,1,1,0,0,0,0,0,5.0,0
814,0.34,5.23,4.17,5.72,13,4,53000000,3,1,0,0,0,0,analytics,0,0,0,0,0,0,0,0,0,1,0,1,1,1,1,0,4.5,1
47,0.93,2.95,0.83,2.74,2,3,3750000,3,0,1,0,0,0,fashion,0,0,0,0,0,0,0,0,0,1,0,1,1,0,0,0,2.0,1
741,0.52,1.1,0.25,2.06,12,2,3150000,2,1,0,0,0,0,web,0,1,0,0,0,0,0,0,0,0,0,1,1,0,0,0,11.5,1
447,2.07,9.38,7.01,7.01,13,5,39000000,1,0,0,1,0,0,software,1,0,0,0,0,0,0,0,0,0,0,0,0,1,1,1,3.25,1
833,0.76,4.41,2.78,4.0,14,4,34250000,2,1,0,0,0,0,cleantech,0,0,0,0,0,0,0,0,0,1,1,0,1,1,1,0,2.25,1
467,,2.52,4.69,4.69,7,2,6300000,1,1,0,0,0,0,messaging,0,0,0,0,0,0,0,0,0,1,0,0,1,1,0,0,2.0,1
186,10.53,10.53,,,0,1,2600000,0,1,0,0,0,0,mobile,0,0,1,0,0,0,0,0,0,0,1,0,0,0,0,0,1.0,0
421,,0.23,,,5,2,5000000,0,1,0,0,0,0,mobile,0,0,1,0,0,0,0,0,0,0,1,1,0,0,0,0,1.0,0
787,3.09,9.32,0.5,9.53,5,3,64000000,2,1,0,0,0,0,semiconductor,0,0,0,0,0,0,0,0,0,1,1,0,0,1,1,0,3.3333,1
385,0.72,3.59,2.84,4.02,17,4,66000000,4,1,0,0,0,0,fashion,0,0,0,0,0,0,0,0,0,1,1,0,1,1,1,0,2.3333,1
416,0.0,1.25,1.0,5.44,4,2,3100000,4,1,0,0,0,0,games_video,0,0,0,0,0,1,0,0,0,0,0,1,1,0,0,0,2.0,1
341,,,,5.77,10,2,26000000,4,1,0,0,0,0,games_video,0,0,0,0,0,1,0,0,0,0,0,0,1,0,1,0,2.5,1
870,0.72,3.71,0.54,3.63,11,3,22100000,4,1,0,0,0,0,analytics,0,0,0,0,0,0,0,0,0,1,1,0,1,1,0,0,2.6667,1
817,2.92,4.25,2.0,7.17,4,2,6500000,3,1,0,0,0,0,web,0,1,0,0,0,0,0,0,0,0,0,0,1,0,0,0,7.0,1
297,0.5,3.3,2.07,7.0,18,3,26500000,4,0,0,1,0,0,mobile,0,0,1,0,0,0,0,0,0,0,1,0,1,1,0,0,2.0,1
402,2.58,4.0,2.03,4.62,5,2,4900000,3,1,0,0,0,0,mobile,0,0,1,0,0,0,0,0,0,0,0,0,1,1,0,0,1.0,0
573,1.75,5.56,2.25,2.25,5,3,69600000,1,1,0,0,0,0,semiconductor,0,0,0,0,0,0,0,0,0,1,1,0,0,1,0,1,7.6667,1
469,0.0,0.0,0.0,0.0,2,1,20000,1,0,0,0,0,1,fashion,0,0,0,0,0,0,0,0,0,1,0,1,0,0,0,0,1.0,0
899,1.23,5.87,3.65,6.7,4,4,33000000,2,0,0,0,0,1,software,1,0,0,0,0,0,0,0,0,0,1,0,1,1,1,0,5.3333,1
456,2.42,2.42,2.5,8.4,5,1,7000000,4,1,0,0,0,0,web,0,1,0,0,0,0,0,0,0,0,0,0,0,1,0,0,2.0,1
115,0.53,1.92,2.25,2.98,12,3,2100000,2,1,0,0,0,0,enterprise,0,0,0,1,0,0,0,0,0,0,1,1,0,0,0,0,4.0,0
822,4.75,5.23,5.85,7.76,10,2,30000000,3,0,0,0,1,0,network_hosting,0,0,0,0,0,0,0,0,0,1,1,0,0,0,0,0,1.0,1
269,4.09,5.58,4.0,4.0,8,2,12250000,1,1,0,0,0,0,advertising,0,0,0,0,1,0,0,0,0,0,0,0,0,1,1,0,2.5,1
369,,3.15,,4.41,3,3,1310000,4,1,0,0,0,0,social,0,0,0,0,0,0,0,0,0,1,0,1,0,0,0,0,1.0,1
352,0.16,2.18,1.51,2.18,3,4,3350000,2,0,0,0,0,1,mobile,0,0,1,0,0,0,0,0,0,0,0,1,1,1,0,0,1.5,1
660,2.16,5.85,6.0,6.0,3,4,72000000,1,1,0,0,0,0,other,0,0,0,0,0,0,0,0,0,1,0,0,1,1,1,0,2.25,0
707,4.54,9.34,2.0,2.0,2,2,19000000,1,0,0,1,0,0,software,1,0,0,0,0,0,0,0,0,0,1,0,0,1,0,0,3.5,0
647,3.85,4.83,4.96,7.26,18,3,9400000,3,1,0,0,0,0,enterprise,0,0,0,1,0,0,0,0,0,0,0,1,1,1,0,0,1.5,1
42,0.0,0.58,0.58,0.59,9,2,125000,2,0,0,0,0,1,mobile,0,0,1,0,0,0,0,0,0,0,0,1,0,0,0,0,1.0,1
126,0.68,4.55,,,2,5,85381111,0,0,0,1,0,0,biotech,0,0,0,0,0,0,0,1,0,0,0,0,1,1,1,0,4.6667,1
861,0.0,2.35,0.0,5.16,7,3,22487000,2,1,0,0,0,0,semiconductor,0,0,0,0,0,0,0,0,0,1,1,0,0,1,1,0,2.3333,1
483,2.08,4.02,2.5,2.5,5,5,1178000,1,0,0,1,0,0,software,1,0,0,0,0,0,0,0,0,0,0,1,0,0,0,0,5.0,1
355,0.84,4.22,0.76,4.93,18,3,24030000,3,1,0,0,0,0,advertising,0,0,0,0,1,0,0,0,0,0,0,0,1,1,0,0,3.6667,1
434,6.26,6.26,1.0,1.0,2,1,10000000,1,0,0,0,0,1,software,1,0,0,0,0,0,0,0,0,0,1,0,0,0,0,0,1.0,1
176,1.58,1.58,2.25,2.53,14,1,3000000,2,0,0,0,1,0,enterprise,0,0,0,1,0,0,0,0,0,0,0,0,1,0,0,0,1.0,0
208,0.0,0.0,,,3,1,120000,0,1,0,0,0,0,public_relations,0,0,0,0,0,0,0,0,0,1,0,1,0,0,0,0,2.0,0
678,0.58,2.46,2.5,5.09,17,3,28300000,4,0,0,1,0,0,advertising,0,0,0,0,1,0,0,0,0,0,0,0,1,1,1,0,1.6667,1
433,,0.0,,0.86,9,2,55600000,2,0,0,0,0,1,network_hosting,0,0,0,0,0,0,0,0,0,1,0,0,1,1,0,0,2.0,0
528,4.93,4.93,0.0,0.0,2,1,12000000,1,0,0,1,0,0,hardware,0,0,0,0,0,0,0,0,0,1,0,0,0,0,1,0,4.0,0
106,2.47,4.83,0.59,5.62,4,2,5000000,6,0,0,0,0,1,web,0,1,0,0,0,0,0,0,0,0,0,0,1,1,0,0,1.0,0
235,,,,7.45,9,1,4000000,4,1,0,0,0,0,mobile,0,0,1,0,0,0,0,0,0,0,0,0,1,0,0,0,1.0,1
191,5.68,6.32,5.01,5.01,4,2,15050000,1,0,0,1,0,0,software,1,0,0,0,0,0,0,0,0,0,1,0,0,0,1,0,2.5,1
122,0.92,2.78,3.0,3.65,6,2,9500000,2,1,0,0,0,0,ecommerce,0,0,0,0,0,0,1,0,0,0,0,0,1,1,0,0,2.5,1
5,0.0,1.67,0.04,0.04,2,2,1300000,1,1,0,0,0,0,games_video,0,0,0,0,0,1,0,0,0,0,1,1,0,0,0,0,1.0,0
758,4.84,4.84,,,2,1,10000000,0,1,0,0,0,0,software,1,0,0,0,0,0,0,0,0,0,0,0,0,1,0,0,2.0,0
281,0.05,0.05,0.07,0.4,4,1,100000,2,0,0,0,0,1,social,0,0,0,0,0,0,0,0,0,1,0,1,0,0,0,0,1.0,0
606,2.0,8.04,6.59,6.59,9,4,29288979,1,1,0,0,0,0,software,1,0,0,0,0,0,0,0,0,0,1,0,1,1,1,0,2.6667,1
425,5.0,5.0,5.5,5.5,3,1,6500000,1,0,0,0,0,1,software,1,0,0,0,0,0,0,0,0,0,1,0,0,0,0,0,1.0,1
760,0.08,1.84,1.42,2.34,3,3,11500000,3,1,0,0,0,0,enterprise,0,0,0,1,0,0,0,0,0,0,0,1,1,1,0,0,1.5,1
206,0.03,2.21,4.52,6.91,12,3,7175000,6,1,0,0,0,0,web,0,1,0,0,0,0,0,0,0,0,0,1,1,1,0,0,2.6667,1
738,0.04,0.73,0.47,0.92,4,2,70000,2,1,0,0,0,0,news,0,0,0,0,0,0,0,0,0,1,0,1,0,0,0,0,1.0,1
720,10.88,10.88,15.5,15.5,3,1,1000000,1,1,0,0,0,0,hardware,0,0,0,0,0,0,0,0,0,1,0,0,1,0,0,0,2.0,0
290,0.65,3.55,3.84,6.56,27,3,26000000,5,1,0,0,0,0,messaging,0,0,0,0,0,0,0,0,0,1,0,0,1,1,1,0,3.6667,1
511,0.87,0.87,,,1,1,30000,0,0,0,0,1,0,software,1,0,0,0,0,0,0,0,0,0,0,1,0,0,0,0,1.0,0
76,2.7,4.0,1.0,1.0,2,2,19700000,1,1,0,0,0,0,software,1,0,0,0,0,0,0,0,0,0,1,0,0,1,0,0,4.0,0
273,0.41,0.41,6.83,8.87,9,1,100000,3,1,0,0,0,0,web,0,1,0,0,0,0,0,0,0,0,0,1,0,0,0,0,1.0,1
149,1.3,2.65,0.0,3.68,4,3,3282327,2,1,0,0,0,0,analytics,0,0,0,0,0,0,0,0,0,1,1,0,0,0,0,0,2.0,1
803,2.0,2.0,,3.52,3,1,6000000,2,0,0,0,0,1,network_hosting,0,0,0,0,0,0,0,0,0,1,0,0,1,0,0,0,1.0,1
392,0.84,7.59,11.59,13.59,35,4,33000000,5,0,0,1,0,0,consulting,0,0,0,0,0,0,0,0,1,0,1,0,1,1,1,0,2.5,1
472,0.28,0.28,0.0,0.28,2,1,1200000,2,0,0,0,0,1,advertising,0,0,0,0,1,0,0,0,0,0,0,0,1,0,0,0,4.0,0
611,0.68,1.92,4.98,6.65,13,2,14300000,3,1,0,0,0,0,web,0,1,0,0,0,0,0,0,0,0,0,0,1,1,0,0,4.5,1
225,0.46,0.46,1.28,1.82,16,1,3500000,2,1,0,0,0,0,enterprise,0,0,0,1,0,0,0,0,0,0,0,0,1,0,0,0,5.0,0
735,0.9,0.9,0.41,1.63,12,1,1420000,3,0,1,0,0,0,social,0,0,0,0,0,0,0,0,0,1,0,0,1,0,0,0,16.0,1
785,0.02,1.57,2.48,4.87,12,3,1310000,2,0,1,0,0,0,software,1,0,0,0,0,0,0,0,0,0,0,1,0,0,0,0,6.0,1
462,2.43,9.01,8.58,10.01,10,6,64630000,3,1,0,0,0,0,mobile,0,0,1,0,0,0,0,0,0,0,1,0,0,1,1,0,3.6667,1
895,0.68,1.31,0.33,2.59,5,2,4600000,2,0,0,1,0,0,advertising,0,0,0,0,1,0,0,0,0,0,0,1,1,0,0,0,9.0,1
779,2.0,3.56,4.57,4.57,3,2,2100000,1,0,0,0,0,1,mobile,0,0,1,0,0,0,0,0,0,0,1,1,0,0,0,0,2.0,0
31,1.35,2.16,4.52,4.52,3,2,10500000,1,1,0,0,0,0,other,0,0,0,0,0,0,0,0,0,1,0,0,1,1,0,0,2.0,0
888,4.53,4.53,5.53,5.53,1,1,1310000,1,1,0,0,0,0,news,0,0,0,0,0,0,0,0,0,1,1,0,0,0,0,0,4.0,0
246,4.82,4.82,0.25,0.25,1,1,5000000,1,0,0,0,1,0,mobile,0,0,1,0,0,0,0,0,0,0,1,0,0,0,0,0,1.0,0
657,6.13,6.13,7.17,7.17,5,1,8000000,1,1,0,0,0,0,security,0,0,0,0,0,0,0,0,0,1,0,0,0,1,0,0,2.0,1
249,0.54,1.5,,2.21,6,2,1975000,2,0,0,0,0,1,enterprise,0,0,0,1,0,0,0,0,0,0,1,1,0,0,0,0,3.0,1
565,3.81,5.18,1.75,3.59,2,2,17000000,2,1,0,0,0,0,software,1,0,0,0,0,0,0,0,0,0,1,0,0,0,1,0,3.0,0
553,1.16,1.16,,2.96,3,1,205000,3,1,0,0,0,0,web,0,1,0,0,0,0,0,0,0,0,0,1,0,0,0,0,7.0,1
780,0.42,0.89,0.08,1.86,3,2,3250000,3,0,0,0,0,1,travel,0,0,0,0,0,0,0,0,0,1,1,0,1,0,0,0,1.0,1
891,0.16,0.16,1.48,1.48,3,1,3000000,1,1,0,0,0,0,software,1,0,0,0,0,0,0,0,0,0,1,0,0,0,0,0,1.0,1
159,1.96,1.96,1.0,1.0,5,1,5000000,1,1,0,0,0,0,web,0,1,0,0,0,0,0,0,0,0,0,0,1,0,0,0,1.0,0
529,0.58,4.85,0.91,5.42,10,5,78573646,4,1,0,0,0,0,games_video,0,0,0,0,0,1,0,0,0,0,0,0,1,1,1,0,4.3333,1
408,,5.23,5.76,7.49,31,5,37000000,3,0,1,0,0,0,news,0,0,0,0,0,0,0,0,0,1,1,0,1,1,1,0,2.5,1
305,0.8,0.8,0.0,1.41,5,1,5000000,2,1,0,0,0,0,web,0,1,0,0,0,0,0,0,0,0,0,0,1,0,0,0,1.0,0
437,0.17,0.53,0.17,2.44,4,2,983000,2,0,1,0,0,0,messaging,0,0,0,0,0,0,0,0,0,1,0,1,0,0,0,0,6.0,1
880,1.09,7.76,6.88,6.88,9,5,40000000,1,1,0,0,0,0,mobile,0,0,1,0,0,0,0,0,0,0,1,0,1,1,1,0,4.0,1
8,1.65,6.76,5.61,7.36,25,3,34100000,3,1,0,0,0,0,finance,0,0,0,0,0,0,0,0,0,1,0,0,1,1,0,1,3.5,1
558,1.29,3.85,1.39,4.24,11,2,9356180,4,1,0,0,0,0,analytics,0,0,0,0,0,0,0,0,0,1,0,0,1,1,0,0,1.5,1
912,4.45,8.08,6.59,6.59,4,6,49008830,1,1,0,0,0,0,biotech,0,0,0,0,0,0,0,1,0,0,1,0,1,0,1,0,3.0,0
396,0.84,1.9,2.3,3.84,21,2,4950000,3,1,0,0,0,0,web,0,1,0,0,0,0,0,0,0,0,0,1,1,0,0,0,12.5,1
52,1.89,2.45,2.0,3.28,4,2,11500000,3,0,0,1,0,0,mobile,0,0,1,0,0,0,0,0,0,0,0,0,0,0,0,0,1.0,1
310,3.88,5.86,2.84,6.11,9,2,6700000,4,0,1,0,0,0,music,0,0,0,0,0,0,0,0,0,1,1,0,0,0,0,0,8.0,1
523,4.59,4.59,,,1,1,100000,0,0,0,0,0,1,biotech,0,0,0,0,0,0,0,1,0,0,1,0,0,0,0,0,1.0,0
752,2.58,4.61,0.58,10.22,3,2,7100000,3,1,0,0,0,0,web,0,1,0,0,0,0,0,0,0,0,0,1,1,0,0,0,1.5,1
508,1.0,8.88,4.0,9.19,7,5,62600000,2,1,0,0,0,0,semiconductor,0,0,0,0,0,0,0,0,0,1,1,0,1,1,1,1,9.3333,1
256,6.84,8.31,,,5,2,7300000,0,0,0,0,0,1,biotech,0,0,0,0,0,0,0,1,0,0,1,0,1,0,0,0,3.0,0
468,2.0,2.0,1.03,3.16,8,1,200000,3,0,1,0,0,0,mobile,0,0,1,0,0,0,0,0,0,0,0,1,0,0,0,0,2.0,0
635,1.31,1.31,1.0,1.31,3,1,500000,2,0,0,0,0,1,ecommerce,0,0,0,0,0,0,1,0,0,0,0,0,1,0,0,0,1.0,0
734,1.65,1.65,,,4,2,7500000,0,1,0,0,0,0,software,1,0,0,0,0,0,0,0,0,0,0,1,1,0,0,0,2.0,1
132,1.06,1.77,1.03,1.11,6,3,132885,2,0,0,0,0,1,games_video,0,0,0,0,0,1,0,0,0,0,0,1,0,0,0,0,1.0,0
788,0.0,0.0,0.0,0.0,2,1,250000,1,0,0,0,0,1,ecommerce,0,0,0,0,0,0,1,0,0,0,0,1,0,0,0,0,1.0,0
859,2.58,2.58,3.0,4.61,4,1,20000000,2,1,0,0,0,0,software,1,0,0,0,0,0,0,0,0,0,0,0,0,1,0,0,4.0,0
449,0.12,1.15,,,7,3,42000000,0,0,0,1,0,0,advertising,0,0,0,0,1,0,0,0,0,0,0,0,1,1,1,0,2.6667,1
129,2.32,4.24,,,2,2,10600000,1,0,0,0,0,1,mobile,0,0,1,0,0,0,0,0,0,0,1,0,0,1,0,0,3.0,0
868,0.96,5.72,6.04,6.88,18,6,35200000,3,1,0,0,0,0,analytics,0,0,0,0,0,0,0,0,0,1,1,0,1,1,1,0,2.3333,1
597,3.39,3.39,,4.43,4,1,1500000,2,0,0,0,0,1,enterprise,0,0,0,1,0,0,0,0,0,0,1,0,0,0,0,0,2.0,1
727,3.75,4.97,4.68,4.84,10,2,69000000,2,1,0,0,0,0,software,1,0,0,0,0,0,0,0,0,0,0,0,1,1,0,0,3.5,1
871,3.05,9.48,1.0,1.0,4,5,33000000,1,0,0,1,0,0,mobile,0,0,1,0,0,0,0,0,0,0,1,0,0,1,1,1,2.0,1
538,4.18,5.54,6.38,6.38,0,2,8000000,1,1,0,0,0,0,games_video,0,0,0,0,0,1,0,0,0,0,0,0,1,0,0,0,1.5,1
163,4.38,5.96,5.5,5.5,5,2,55000000,1,0,0,0,0,1,biotech,0,0,0,0,0,0,0,1,0,0,1,0,0,1,0,0,4.0,0
117,10.76,10.76,,,0,1,2000000,0,1,0,0,0,0,biotech,0,0,0,0,0,0,0,1,0,0,0,0,0,0,0,0,1.0,0
375,2.22,7.93,1.67,9.09,7,3,40300000,5,1,0,0,0,0,mobile,0,0,1,0,0,0,0,0,0,0,1,0,0,1,1,0,4.0,1
75,1.81,1.81,,,1,1,3000000,0,0,0,0,1,0,software,1,0,0,0,0,0,0,0,0,0,0,0,1,0,0,0,1.0,0
109,2.72,2.72,0.92,6.31,5,1,600000,3,1,0,0,0,0,web,0,1,0,0,0,0,0,0,0,0,0,1,0,0,0,0,7.0,1
333,2.17,3.08,3.09,4.78,7,3,6693782,3,1,0,0,0,0,real_estate,0,0,0,0,0,0,0,0,0,1,1,0,0,0,0,0,1.6667,1
302,1.92,2.58,2.0,6.92,10,2,3600000,3,1,0,0,0,0,web,0,1,0,0,0,0,0,0,0,0,0,1,1,0,0,0,1.0,0
851,0.43,1.13,2.69,3.54,23,2,9800000,2,1,0,0,0,0,news,0,0,0,0,0,0,0,0,0,1,0,1,1,0,0,0,4.5,1
251,2.35,2.35,,,0,1,35000000,0,0,0,0,0,1,cleantech,0,0,0,0,0,0,0,0,0,1,0,0,0,0,1,0,1.0,0
12,1.08,5.34,,4.61,8,5,10400000,2,1,0,0,0,0,web,0,1,0,0,0,0,0,0,0,0,1,1,1,0,0,0,1.75,0
623,2.95,3.56,0.0,0.0,3,2,20757182,1,1,0,0,0,0,biotech,0,0,0,0,0,0,0,1,0,0,0,0,0,1,0,0,1.0,1
459,6.04,6.04,10.5,12.61,19,1,8000000,4,0,0,0,0,1,web,0,1,0,0,0,0,0,0,0,0,1,0,0,0,0,0,1.0,1
715,5.42,8.3,8.01,8.01,6,3,65800000,1,1,0,0,0,0,network_hosting,0,0,0,0,0,0,0,0,0,1,1,0,0,0,0,1,4.6667,1
71,0.68,0.68,2.92,4.23,15,1,4000000,3,1,0,0,0,0,web,0,1,0,0,0,0,0,0,0,0,0,0,1,0,0,0,3.0,1
422,0.21,1.08,0.16,2.65,3,4,4200000,3,0,1,0,0,0,software,1,0,0,0,0,0,0,0,0,0,0,1,1,0,0,0,3.0,1
507,0.75,7.09,8.01,9.87,5,2,15100000,3,0,1,0,0,0,advertising,0,0,0,0,1,0,0,0,0,0,0,1,1,0,0,0,1.0,1
372,2.07,2.07,,,3,1,25000000,1,0,0,1,0,0,software,1,0,0,0,0,0,0,0,0,0,0,0,0,0,0,1,5.0,1
517,2.78,5.0,4.16,10.75,2,3,17400000,2,1,0,0,0,0,web,0,1,0,0,0,0,0,0,0,0,1,0,0,0,1,0,5.0,1
778,1.42,1.42,1.0,1.0,7,1,6000000,1,1,0,0,0,0,advertising,0,0,0,0,1,0,0,0,0,0,0,0,0,1,0,0,2.0,1
313,,0.67,,,20,3,22500000,0,1,0,0,0,0,search,0,0,0,0,0,0,0,0,0,1,1,0,1,0,0,0,4.0,1
781,6.57,7.16,,,1,3,148000000,0,1,0,0,0,0,hardware,0,0,0,0,0,0,0,0,0,1,1,0,0,1,0,0,3.5,0
791,1.82,1.82,3.9,5.91,15,1,2300000,3,1,0,0,0,0,web,0,1,0,0,0,0,0,0,0,0,0,0,1,0,0,0,1.0,1
94,0.12,1.34,1.83,2.67,24,2,8950000,2,1,0,0,0,0,analytics,0,0,0,0,0,0,0,0,0,1,0,0,1,0,0,0,7.0,1
812,1.62,5.33,,,5,2,10000000,1,1,0,0,0,0,semiconductor,0,0,0,0,0,0,0,0,0,1,1,0,1,0,0,0,3.0,1
195,0.89,0.89,0.83,4.21,8,1,1300000,4,1,0,0,0,0,web,0,1,0,0,0,0,0,0,0,0,0,1,0,0,0,0,4.0,1
99,4.28,4.28,2.42,5.52,7,1,400000,2,1,0,0,0,0,social,0,0,0,0,0,0,0,0,0,1,0,1,0,0,0,0,3.0,1
646,3.09,3.09,1.0,1.0,4,1,13400000,1,1,0,0,0,0,public_relations,0,0,0,0,0,0,0,0,0,1,0,0,0,1,0,0,2.0,1
762,0.67,3.99,5.08,7.37,27,3,11015719,4,1,0,0,0,0,mobile,0,0,1,0,0,0,0,0,0,0,1,0,1,0,0,0,2.0,0
733,5.43,9.5,,,13,3,14000000,0,0,0,0,0,1,photo_video,0,0,0,0,0,0,0,0,0,1,0,0,1,1,0,0,3.0,1
57,2.16,4.76,4.0,6.75,13,3,12000000,2,1,0,0,0,0,analytics,0,0,0,0,0,0,0,0,0,1,1,0,1,1,0,0,2.0,1
576,1.56,3.16,3.0,3.5,8,2,21750000,2,0,1,0,0,0,games_video,0,0,0,0,0,1,0,0,0,0,1,0,0,1,0,0,2.0,1
2,5.13,10.0,7.01,7.01,9,4,40100000,1,1,0,0,0,0,enterprise,0,0,0,1,0,0,0,0,0,0,1,0,0,1,1,1,4.75,1
288,1.93,4.04,2.0,10.19,2,2,24300000,3,1,0,0,0,0,web,0,1,0,0,0,0,0,0,0,0,0,0,0,1,1,0,2.5,1
26,4.84,4.84,1.0,1.0,3,1,13000000,1,0,0,0,0,1,software,1,0,0,0,0,0,0,0,0,0,0,0,0,0,1,0,4.0,1
29,2.51,4.53,4.93,5.68,37,5,299500000,2,0,0,0,1,0,web,0,1,0,0,0,0,0,0,0,0,1,0,1,0,1,0,1.75,1
365,4.6,9.42,5.26,9.78,19,4,5700000000,2,0,0,0,0,1,mobile,0,0,1,0,0,0,0,0,0,0,0,0,0,0,0,0,4.25,1
607,8.1,12.37,11.84,12.05,11,4,24200000,2,0,0,1,0,0,software,1,0,0,0,0,0,0,0,0,0,1,0,1,0,1,0,2.3333,0
902,3.13,5.25,3.13,3.54,6,2,6760000,2,1,0,0,0,0,web,0,1,0,0,0,0,0,0,0,0,1,0,0,0,0,0,1.5,0
337,0.0,0.0,3.41,3.41,3,1,250000,1,1,0,0,0,0,network_hosting,0,0,0,0,0,0,0,0,0,1,0,1,0,0,0,0,3.0,0
72,,,0.14,0.14,3,1,355000,1,1,0,0,0,0,software,1,0,0,0,0,0,0,0,0,0,0,1,0,0,0,0,1.0,1
276,1.79,3.3,2.08,2.33,8,3,3352194,2,0,0,0,0,1,analytics,0,0,0,0,0,0,0,0,0,1,0,1,1,0,0,0,9.5,0
298,3.7,4.1,,,4,2,15000000,0,0,0,1,0,0,enterprise,0,0,0,1,0,0,0,0,0,0,0,0,0,1,0,0,5.0,1
363,5.75,5.75,8.01,9.84,4,1,1000000,2,0,1,0,0,0,software,1,0,0,0,0,0,0,0,0,0,0,0,1,0,0,0,3.0,1
512,6.26,6.26,6.01,6.01,10,1,22200000,1,1,0,0,0,0,public_relations,0,0,0,0,0,0,0,0,0,1,0,0,0,0,0,0,9.0,0
